"Area" "Perimeter" "Major_Axis_Length" "Minor_Axis_Length" "Eccentricity" "Convex_Area" "Extent" "Class"
10102 411.8080139 176.8137665 74.26673126 0.907511175 10350 0.577917635 "Osmancik"
11351 417.6929932 171.0510559 85.5486908 0.865947187 11549 0.743255615 "Osmancik"
13183 464.571991 190.6912689 88.76956177 0.885040224 13473 0.593909085 "Cammeo"
14868 510.4339905 219.333786 88.03911591 0.915905774 15190 0.796699166 "Cammeo"
10427 405.5780029 170.5610657 78.14707947 0.888861179 10588 0.676068187 "Osmancik"
7943 362.6730042 154.886322 65.93088531 0.904877186 8080 0.608659029 "Osmancik"
10979 417.3630066 175.8724365 80.277771 0.889746726 11146 0.666848898 "Osmancik"
14525 487.2160034 206.450119 90.84385681 0.897983968 14798 0.593341529 "Cammeo"
13410 483.1520081 205.8757629 84.65060425 0.911557198 13866 0.731427968 "Cammeo"
14096 476.95401 198.7421875 91.36670685 0.888061464 14346 0.599319756 "Cammeo"
13569 490.5419922 209.8494873 83.40635681 0.917620361 14061 0.530039072 "Cammeo"
10036 402.8590088 166.1565857 77.91069031 0.883251667 10255 0.591570854 "Osmancik"
11299 420.7380066 170.820816 84.86574554 0.867858469 11488 0.64257282 "Osmancik"
9679 390.2219849 154.200592 81.98645782 0.846940875 10003 0.620687425 "Osmancik"
15373 522.2109985 229.4937286 86.34156799 0.926527798 15757 0.671603322 "Cammeo"
11087 432.3829956 177.4989777 80.54419708 0.891117454 11380 0.594636619 "Osmancik"
13244 461.9389954 194.1837616 87.8210144 0.891887546 13476 0.7112782 "Cammeo"
14189 491.9729919 209.9364319 86.80909729 0.910503268 14496 0.55098635 "Cammeo"
12906 461.2030029 191.5436707 86.72735596 0.891621709 13272 0.73832953 "Osmancik"
11875 425.4509888 174.0941772 87.36473083 0.864969432 12041 0.694525659 "Osmancik"
13493 480.5289917 205.5730591 84.68375397 0.911211014 13843 0.796893477 "Cammeo"
16706 533.6259766 228.1561737 94.20754242 0.910772681 17037 0.636249363 "Cammeo"
12232 440.4030151 175.6786804 90.06195068 0.858596742 12525 0.77251482 "Osmancik"
11014 411.2179871 167.1317139 85.07861328 0.860736191 11185 0.696603656 "Osmancik"
11711 447.0039978 190.9449158 79.28987122 0.909707367 11904 0.591464639 "Osmancik"
11911 441.0599976 185.2055817 82.24365234 0.89599365 12119 0.580458105 "Osmancik"
11926 435.7539978 173.2695923 89.63291168 0.855802178 12308 0.753189325 "Osmancik"
14965 483.5079956 203.5234528 94.31124878 0.886153102 15151 0.775549352 "Cammeo"
14570 469.9819946 185.4014587 100.8879166 0.838981986 14895 0.654537261 "Cammeo"
12743 442.7349854 181.139679 90.30118561 0.86688 12899 0.725105286 "Osmancik"
14434 488.2869873 201.6492462 92.53371429 0.888495922 14826 0.707757175 "Cammeo"
13422 474.9549866 196.4542542 88.85059357 0.891880512 13817 0.559809804 "Cammeo"
14761 499.5109863 210.7987671 90.55553436 0.903027415 15197 0.658326626 "Cammeo"
14115 490.4079895 207.959549 87.42121124 0.907350004 14580 0.570579648 "Cammeo"
15035 506.1520081 216.9353027 89.38923645 0.911159039 15432 0.609296501 "Cammeo"
15209 517.6879883 221.2523956 89.17511749 0.915179253 15653 0.635296583 "Cammeo"
12879 469.1329956 200.7955017 82.04309082 0.912717879 13132 0.769125104 "Cammeo"
10262 412.7680054 166.6488037 80.32595825 0.876167119 10554 0.575805187 "Osmancik"
10873 416.6690063 168.9403534 83.34116364 0.869849563 11151 0.682291687 "Osmancik"
12205 438.3559875 174.43573 90.32647705 0.855489016 12491 0.618475735 "Osmancik"
16606 516.3649902 211.5942078 101.7699051 0.876738489 17032 0.707119763 "Cammeo"
12260 453.572998 193.1613312 81.17553711 0.907409608 12508 0.574158192 "Osmancik"
14853 488.5610046 201.5631256 95.47245026 0.880707622 15224 0.678529024 "Cammeo"
11840 432.3840027 175.8368835 86.64778137 0.87015754 12032 0.625759721 "Osmancik"
10524 402.4949951 164.0819397 82.46437836 0.864530444 10713 0.632527947 "Osmancik"
15141 505.42099 209.5935974 93.09237671 0.895949185 15559 0.566399813 "Cammeo"
10820 424.7810059 178.7657623 78.07855988 0.89957583 11081 0.714852035 "Osmancik"
11089 421.6549988 173.6253967 82.34242249 0.880388439 11345 0.666406274 "Osmancik"
13335 474.3770142 197.8399048 87.58254242 0.896672726 13702 0.667016804 "Osmancik"
13557 483.9089966 206.2037201 84.38730621 0.912425697 13845 0.552580118 "Cammeo"
10297 426.2219849 180.0431976 73.69879913 0.912382126 10621 0.564528525 "Osmancik"
10843 412.3670044 168.2745056 83.94273376 0.866691768 11082 0.787436485 "Osmancik"
12945 454.678009 185.9101715 89.59597015 0.876208901 13220 0.652601302 "Osmancik"
11217 424.0849915 168.6538391 86.48292542 0.858517885 11546 0.771882713 "Osmancik"
11410 436.368988 180.802597 81.64021301 0.892249167 11710 0.617825449 "Osmancik"
15713 518.4520264 218.7672577 92.42917633 0.906362891 16038 0.583519042 "Cammeo"
12235 443.4559937 187.6625366 83.75172424 0.894888878 12442 0.658326626 "Osmancik"
14505 492.6820068 205.4121399 90.76255035 0.897086084 14834 0.582951546 "Cammeo"
10767 428.3519897 181.7823029 75.89606476 0.908671975 11002 0.699155867 "Osmancik"
12501 451.7990112 192.7388 83.19506073 0.902042747 12687 0.718820095 "Osmancik"
15809 521.4970093 224.5216522 90.6051178 0.914958775 16150 0.564607143 "Cammeo"
12958 445.696991 178.8109741 93.66616058 0.851824164 13223 0.711978018 "Osmancik"
12575 456.7529907 188.6798553 85.98197174 0.890131891 12936 0.739271045 "Cammeo"
10557 412.6679993 168.8085785 80.5927124 0.878674805 10778 0.616071403 "Osmancik"
12763 454.9020081 185.2253723 89.68470001 0.874961615 13081 0.62270689 "Osmancik"
10737 412.3059998 165.5516205 83.92192841 0.861991346 11017 0.614104331 "Osmancik"
13952 484.946991 201.3228302 89.51037598 0.895723701 14349 0.656410277 "Cammeo"
14654 498.1029968 214.6542969 87.38054657 0.913394451 14907 0.803751647 "Cammeo"
11642 427.9559937 171.078949 87.56867218 0.859068215 11946 0.736369371 "Osmancik"
11211 410.5759888 162.8713989 88.59012604 0.839132667 11408 0.643422842 "Osmancik"
14531 492.9580078 207.6246033 90.52266693 0.899950564 14913 0.571254492 "Cammeo"
12361 443.8190002 178.1721191 89.32095337 0.865262926 12581 0.780366182 "Osmancik"
11559 435.1849976 178.782074 83.54547119 0.88409704 11796 0.666378438 "Osmancik"
11441 415.8580017 170.4867706 85.7565918 0.864280462 11628 0.681011915 "Osmancik"
11860 429.7929993 178.2135773 85.30594635 0.877993524 12032 0.700572968 "Osmancik"
15809 518.4550171 221.0706787 92.2322998 0.908811331 16079 0.814812899 "Cammeo"
11451 426.2470093 176.1217957 84.35531616 0.877836645 11666 0.608480811 "Osmancik"
12665 445.6629944 186.2803955 87.28702545 0.883421779 12811 0.710080743 "Osmancik"
11513 438.625 189.7222137 77.68550873 0.912323713 11736 0.684238672 "Cammeo"
14626 502.3569946 212.7346954 88.58338928 0.909180105 14997 0.581504464 "Cammeo"
12692 443.1430054 182.9328308 88.95259857 0.873815119 12849 0.638237953 "Cammeo"
11319 414.0140076 164.7808075 88.50933075 0.843497097 11563 0.746685147 "Osmancik"
11022 417.2590027 168.6112518 84.67787933 0.864746988 11259 0.607272744 "Osmancik"
13657 469.2369995 193.1074219 90.77803802 0.88261801 13930 0.615346491 "Cammeo"
10074 397.3980103 166.9896088 77.15100861 0.886874259 10249 0.703983247 "Osmancik"
12684 461.3580017 198.2021179 81.89427948 0.910646796 12912 0.547101438 "Cammeo"
14953 503.7520142 217.1036835 88.61492157 0.912906528 15229 0.72313571 "Cammeo"
15557 514.5369873 214.075119 93.85389709 0.898772299 15942 0.695564687 "Cammeo"
16490 520.3189697 212.0107574 101.6800079 0.877488136 16873 0.629365265 "Cammeo"
15806 513.8449707 221.1923828 91.62950897 0.910161972 16043 0.574868143 "Cammeo"
12341 451.1159973 183.6455994 86.69643402 0.881552756 12676 0.602117479 "Osmancik"
11026 425.0100098 179.9587708 79.05262756 0.898349285 11185 0.55861789 "Osmancik"
14423 507.0820007 221.5334778 83.90892029 0.92549324 14703 0.542218029 "Cammeo"
13574 473.2210083 197.8727722 88.44189453 0.894552231 13879 0.641250968 "Cammeo"
15607 505.9030151 208.0110168 96.88903809 0.884896338 16030 0.724996507 "Cammeo"
11231 427.6669922 183.5870972 78.86173248 0.903038144 11427 0.721184075 "Osmancik"
11440 425.8160095 170.7209778 87.25543976 0.859521449 11750 0.665077627 "Osmancik"
11046 423.4979858 183.4550018 76.97341919 0.90771997 11198 0.822793305 "Osmancik"
12994 460.9450073 195.2210999 86.21172333 0.897206783 13196 0.815386534 "Osmancik"
12968 469.3410034 199.9050293 83.03522491 0.909651041 13243 0.641250074 "Cammeo"
13176 458.3429871 193.3373871 87.44839478 0.891860902 13368 0.640669048 "Cammeo"
11746 450.82901 194.190918 77.74389648 0.916363299 11953 0.555208921 "Cammeo"
14404 486.4840088 206.7757568 89.47426605 0.901532412 14658 0.794571936 "Cammeo"
11136 427.1099854 175.6530762 81.91877747 0.884591401 11474 0.574375927 "Osmancik"
11480 422.5490112 171.2710571 86.83596039 0.861940801 11781 0.648221374 "Osmancik"
11423 418.6040039 169.073288 87.28488159 0.85643512 11717 0.655477107 "Osmancik"
14054 486.7650146 207.5825043 87.13072968 0.907644272 14343 0.789461851 "Cammeo"
12907 465.3420105 195.6549683 84.88217926 0.900991857 13151 0.573338687 "Cammeo"
11764 430.1839905 171.9667358 88.35490417 0.85791558 12010 0.626911819 "Osmancik"
15420 503.4599915 206.0565491 96.4172821 0.883772612 15800 0.584622383 "Osmancik"
12900 461.8359985 195.3451385 84.57197571 0.901424587 13160 0.591797411 "Osmancik"
12402 437.6579895 175.2316589 91.14551544 0.854079247 12595 0.765933812 "Osmancik"
14587 491.8039856 204.8346252 91.91319275 0.893672884 14926 0.609824419 "Cammeo"
9882 392.2969971 161.193985 78.21047974 0.874406099 10097 0.659063637 "Osmancik"
13789 494.3800049 216.9155121 82.15644836 0.925499618 14109 0.532743514 "Cammeo"
11245 421.5480042 174.5754852 82.9138031 0.880015314 11475 0.681928456 "Osmancik"
12225 444.1489868 190.2206116 82.50628662 0.90103811 12408 0.798549891 "Osmancik"
12711 459.6180115 192.9746246 84.95108032 0.897890449 13028 0.581952214 "Cammeo"
11486 420.8529968 175.2575073 83.86408234 0.87807709 11615 0.776500821 "Osmancik"
15715 511.25 210.9116058 96.00473785 0.890394628 16096 0.581412554 "Cammeo"
14331 495.1430054 212.0289612 86.86128998 0.912235081 14723 0.665784001 "Cammeo"
11723 432.7460022 176.9750824 85.09567261 0.876811564 12013 0.665587902 "Osmancik"
8546 388.5809937 172.5199585 63.34475327 0.930152476 8685 0.735456109 "Osmancik"
13010 463.4190063 194.7675629 86.11576843 0.896942914 13349 0.776948333 "Osmancik"
11287 421.9930115 176.1826019 82.72873688 0.882899284 11469 0.816419542 "Osmancik"
12429 469.6080017 202.4146729 78.88986969 0.920923293 12714 0.556854844 "Cammeo"
11686 433.4389954 176.7624359 85.64665222 0.874774814 12038 0.781567693 "Osmancik"
11249 418.9379883 168.6086273 86.19229126 0.859463334 11423 0.621904016 "Osmancik"
12278 453.6929932 184.0501556 86.66008759 0.882213056 12601 0.629834831 "Osmancik"
13683 490.7929993 210.2819672 84.04502106 0.916655719 14187 0.773925364 "Cammeo"
12466 453.446991 185.6161194 86.58856964 0.884525001 12706 0.601989567 "Osmancik"
12042 433.769989 178.7764435 86.52510071 0.875076354 12257 0.786441982 "Osmancik"
15929 513.9400024 212.6575165 96.99799347 0.889916718 16293 0.725860119 "Cammeo"
11752 422.5320129 171.0852966 88.01459503 0.857521176 11997 0.6929245 "Osmancik"
10984 416.9979858 171.7176514 82.5067215 0.877006233 11199 0.747058451 "Osmancik"
12269 435.6560059 175.9555206 90.2980957 0.858276784 12583 0.778835773 "Osmancik"
14198 485.9030151 205.1043549 89.31971741 0.900196314 14414 0.565837741 "Cammeo"
12299 446.1019897 185.8578949 85.4524765 0.88803637 12528 0.668423891 "Osmancik"
15007 500.3070068 210.7177582 92.17046356 0.899261236 15431 0.580766261 "Cammeo"
11341 437.5660095 181.9034424 80.57669067 0.89653939 11669 0.76628381 "Osmancik"
14898 501.4949951 215.5633392 88.77059937 0.911270857 15156 0.658504248 "Cammeo"
14294 514.4769897 226.4072723 81.59251404 0.932805836 14731 0.511011004 "Cammeo"
14534 483.6409912 196.6508179 95.05068207 0.875428557 14932 0.649651349 "Cammeo"
12990 469.480011 200.5154114 83.43035126 0.909328222 13214 0.701214552 "Cammeo"
13923 488.7080078 209.7374573 85.71607971 0.912676513 14165 0.53422606 "Cammeo"
15322 506.3980103 217.8637543 90.17707062 0.910315573 15531 0.813615143 "Cammeo"
11247 419.1910095 173.8454895 82.95931244 0.878793955 11439 0.692719877 "Osmancik"
11485 429.3909912 173.4994507 85.60888672 0.869788587 11758 0.605748951 "Osmancik"
14626 496.5859985 204.5341339 92.97486877 0.890711546 15070 0.57021445 "Cammeo"
12366 451.8609924 180.86586 89.14078522 0.870111048 12620 0.586622417 "Osmancik"
12972 467.3800049 194.5290833 86.50667572 0.895680606 13425 0.774679005 "Cammeo"
15189 506.821991 209.1895447 93.61980438 0.894266009 15629 0.674078047 "Cammeo"
10628 418.3039856 171.8248138 80.32759857 0.883994639 10828 0.715064228 "Osmancik"
11794 456.322998 194.0430756 78.79869843 0.913833678 12116 0.653479636 "Cammeo"
11768 433.480011 179.8342743 83.96474457 0.884309769 11993 0.755666852 "Osmancik"
14954 501.8569946 212.0377655 90.7955246 0.903681874 15225 0.81462115 "Cammeo"
15192 494.8890076 208.7244873 93.38067627 0.894340336 15410 0.626474202 "Cammeo"
11070 413.4200134 168.5196686 84.49382782 0.865222275 11328 0.62659198 "Osmancik"
11624 452.3710022 190.0177155 79.30647278 0.908739626 11979 0.58600527 "Osmancik"
11810 444.3519897 187.8073883 80.46891022 0.903558373 11977 0.573078394 "Osmancik"
12273 441.1910095 182.0991516 86.59350586 0.879699826 12469 0.620977521 "Osmancik"
15151 496.1929932 207.931488 93.96302032 0.892071545 15547 0.761395037 "Cammeo"
13245 476.1369934 204.944397 83.1582489 0.91397965 13536 0.799625695 "Cammeo"
15926 522.7399902 225.7360535 91.05709076 0.915033162 16240 0.779768884 "Cammeo"
13400 468.2279968 187.6287384 92.69112396 0.869454265 13756 0.599713564 "Osmancik"
12152 454.2120056 198.8995972 78.32300568 0.919203997 12338 0.785469592 "Osmancik"
12188 434.2130127 171.7588959 91.43890381 0.846513152 12529 0.62196368 "Osmancik"
14076 479.677002 199.489151 90.70998383 0.890638888 14434 0.781218767 "Cammeo"
14842 505.7260132 214.9547424 88.66092682 0.910974264 15313 0.544500709 "Cammeo"
13777 480.8359985 197.0058746 90.18474579 0.889067054 14266 0.632639945 "Cammeo"
11432 424.177002 170.6646423 86.86542511 0.860776484 11702 0.660198689 "Osmancik"
11919 434.2630005 175.5641785 87.84673309 0.865812719 12152 0.609636307 "Osmancik"
13678 472.1229858 200.25354 88.02668762 0.89820534 13879 0.578840435 "Cammeo"
9843 383.1159973 154.9503174 81.35683441 0.851070702 10024 0.702268839 "Osmancik"
12272 439.9169922 181.7063751 86.94543457 0.878090739 12495 0.641170323 "Osmancik"
12041 427.2900085 174.1454468 88.91725922 0.859823167 12291 0.634672165 "Osmancik"
12974 460.4169922 191.3257751 87.28570557 0.889869571 13310 0.677210569 "Cammeo"
10629 416.8900146 172.190918 79.67411804 0.88651073 10819 0.694932997 "Osmancik"
12613 459.9129944 193.3721466 84.31452942 0.899935961 12937 0.627887309 "Osmancik"
14930 506.7810059 207.5966644 92.55151367 0.8951208 15361 0.612512827 "Cammeo"
14806 481.9119873 198.2439117 95.78669739 0.875523269 15162 0.701041639 "Cammeo"
14972 501.8659973 208.8384247 92.89321136 0.895625472 15476 0.727078497 "Cammeo"
11249 419.0029907 166.2865143 87.62982941 0.849877059 11593 0.630054891 "Osmancik"
10215 401.4840088 164.2425995 80.21561432 0.872621477 10435 0.682228029 "Osmancik"
12526 441.3299866 179.2462463 90.15467834 0.864306509 12768 0.718893468 "Osmancik"
12287 444.1749878 181.921051 87.73918152 0.87601018 12508 0.653737724 "Osmancik"
11657 432.5650024 177.7199402 84.21096802 0.880610466 11946 0.607863605 "Osmancik"
10187 404.9679871 160.2264404 82.32900238 0.857892573 10489 0.616273463 "Osmancik"
12263 444.95401 180.2208557 87.54528809 0.874088526 12478 0.604505599 "Osmancik"
12406 433.571991 175.892868 91.14063263 0.855283737 12639 0.796532929 "Osmancik"
15475 511.427002 219.1482391 91.4625473 0.90874368 15759 0.788735986 "Cammeo"
11476 424.7829895 169.0904236 88.1805954 0.853251517 11845 0.624544203 "Osmancik"
10491 411.9949951 174.7058105 77.03625488 0.897532403 10658 0.767615438 "Osmancik"
11694 431.3890076 177.0701599 85.1100235 0.87690866 11875 0.687882364 "Osmancik"
8604 373.6830139 153.5796051 72.30964661 0.882224798 8787 0.602563202 "Osmancik"
9510 401.4920044 169.6710052 72.38471222 0.90443188 9764 0.654552937 "Osmancik"
15199 489.5440063 205.3157349 94.80870056 0.886999547 15419 0.763999224 "Cammeo"
15569 504.7539978 214.5067749 93.19715881 0.90068543 15815 0.773038745 "Cammeo"
13672 467.9549866 183.5563202 97.46872711 0.847370684 14027 0.615855873 "Osmancik"
10579 405.1220093 167.293335 81.34564972 0.873822153 10750 0.796371579 "Osmancik"
11681 422.0490112 174.0857544 85.9203186 0.869716465 11832 0.609019816 "Osmancik"
13605 466.9370117 191.5222321 91.73204803 0.877835155 13919 0.612010777 "Cammeo"
13062 467.4639893 197.8024292 85.39855194 0.901999712 13272 0.624080241 "Cammeo"
12297 440.6010132 173.326355 92.03753662 0.847367346 12678 0.722163498 "Osmancik"
11626 420.7890015 168.4697113 89.07519531 0.848789334 11857 0.636343718 "Osmancik"
12502 443.5859985 179.1281433 89.94932556 0.864780128 12788 0.789267659 "Osmancik"
12103 440.6109924 179.4492035 87.91256714 0.871777415 12405 0.630200446 "Osmancik"
15486 492.6940002 204.3721313 97.6780014 0.878391445 15688 0.601164579 "Cammeo"
12758 451.3699951 180.7394409 91.56465149 0.862174571 13170 0.649063885 "Osmancik"
10723 431.1640015 182.325119 76.51873016 0.907670796 11059 0.781275034 "Osmancik"
13632 485.9370117 205.2149506 85.83135223 0.908331513 13905 0.550121069 "Cammeo"
11621 402.2109985 153.5849915 96.63773346 0.777232587 11797 0.810108066 "Osmancik"
13272 471.8999939 201.4946899 84.15379333 0.908609033 13492 0.565728903 "Cammeo"
12672 445.5429993 180.4552765 90.30992889 0.865761995 12900 0.625685096 "Osmancik"
11931 445.1010132 187.920517 82.14220428 0.899407387 12174 0.648142099 "Cammeo"
11694 432.9769897 181.4844055 82.97145081 0.889373004 11893 0.763914287 "Cammeo"
11969 442.1589966 177.6001129 87.86295319 0.869050443 12352 0.592730165 "Osmancik"
14911 494.0889893 207.5602417 92.41060638 0.895419717 15132 0.604761541 "Cammeo"
12748 461.8880005 190.7079926 86.64506531 0.89083159 13158 0.786331117 "Osmancik"
11107 408.4580078 162.1762848 87.87323761 0.840483069 11330 0.661130965 "Osmancik"
14400 481.506012 193.782959 96.51618958 0.867140651 14876 0.683890581 "Cammeo"
12354 453.0899963 192.0067444 82.873703 0.902056158 12602 0.65761739 "Osmancik"
17335 544.0930176 239.010498 92.99298096 0.921206117 17526 0.821097016 "Cammeo"
13319 468.2319946 192.9272461 89.33763123 0.886324942 13694 0.695218682 "Cammeo"
17048 525.5380249 219.4885864 99.73429871 0.890800834 17318 0.692332685 "Cammeo"
12579 445.8880005 185.280304 86.88208008 0.883239388 12794 0.652979672 "Osmancik"
12047 455.6080017 195.6660767 80.26914215 0.911979675 12339 0.544030011 "Cammeo"
12711 458.7330017 188.3154297 86.86006927 0.887271404 13092 0.57829845 "Osmancik"
16405 526.5700073 221.6125183 95.43670654 0.902520597 16837 0.65888828 "Cammeo"
13858 475.368988 201.4420319 87.92324829 0.899719179 14083 0.7785393 "Cammeo"
11125 420.2090149 173.171936 82.77818298 0.878353536 11408 0.64213562 "Osmancik"
16412 515.1149902 208.6945496 101.9417572 0.87257874 16857 0.773785949 "Cammeo"
11480 419.1069946 170.622406 86.62786865 0.861523986 11674 0.785440624 "Osmancik"
14890 502.5409851 206.2285309 93.45731354 0.891422331 15349 0.589819789 "Cammeo"
16865 517.7470093 210.4794464 103.8049393 0.869925439 17234 0.65020436 "Cammeo"
11753 425.3859863 176.0082092 85.75704193 0.873271942 11919 0.655566692 "Osmancik"
12387 442.269989 177.719635 90.97150421 0.859055698 12754 0.585065186 "Osmancik"
15543 507.3850098 211.6512146 94.57139587 0.894620597 15976 0.652930081 "Cammeo"
13495 466.9590149 196.3955383 88.21305847 0.893451214 13725 0.689575911 "Cammeo"
12859 462.8720093 193.3418427 85.90898895 0.89585954 13279 0.708914518 "Cammeo"
12051 423.2269897 168.0132751 92.19841766 0.835982084 12216 0.766018331 "Osmancik"
12558 453.2290039 192.4563904 84.11142731 0.899441361 12747 0.786842108 "Osmancik"
11898 422.3680115 166.2357178 91.87953186 0.83337611 12063 0.662767351 "Osmancik"
10580 409.0889893 173.3169861 78.04711914 0.892870128 10731 0.581318676 "Osmancik"
10875 418.9819946 166.6903992 85.32958221 0.859042287 11334 0.76219511 "Osmancik"
13266 466 198.0613861 86.09347534 0.900584579 13514 0.654335618 "Cammeo"
14577 489.9079895 204.8460236 91.23347473 0.895343661 14870 0.781399071 "Cammeo"
11573 427.2810059 176.7890625 84.64528656 0.877928078 11828 0.60683763 "Osmancik"
10015 402.1789856 160.3868256 81.07691193 0.862821579 10338 0.694617867 "Osmancik"
11024 414.8590088 165.8321381 85.64083099 0.856328905 11342 0.635023057 "Osmancik"
13655 471.5249939 193.1961823 91.55775452 0.880572855 14053 0.710975766 "Cammeo"
12147 436.0700073 177.5502167 88.561409 0.866719186 12421 0.687047482 "Osmancik"
13034 449.8510132 180.1970978 93.86511993 0.853616178 13333 0.623159289 "Osmancik"
13295 475.7430115 199.2407379 86.08377838 0.901845276 13639 0.615994096 "Cammeo"
14434 486.6679993 201.2719574 92.73377228 0.88753581 14754 0.625986636 "Cammeo"
13437 476.1130066 202.8204803 85.11241913 0.907688737 13700 0.78413868 "Cammeo"
11809 455.0830078 185.420105 83.6137619 0.892553151 12318 0.648846149 "Cammeo"
12386 467.8500061 201.9013062 79.30883026 0.919619679 12679 0.791842461 "Cammeo"
15915 528.1569824 231.5944824 88.57102203 0.923980296 16251 0.813026845 "Cammeo"
12328 444.7059937 183.8281403 86.61965942 0.882026851 12659 0.625405848 "Osmancik"
16835 522.5349731 216.2716522 100.4325104 0.885635376 17404 0.735217035 "Cammeo"
12580 479.2170105 208.4237518 77.74034119 0.92783463 12879 0.5730685 "Cammeo"
12419 452.1990051 183.3866119 87.75106812 0.878085852 12720 0.582286179 "Osmancik"
10572 403.2690125 164.5725098 81.97684479 0.867108107 10745 0.747085035 "Osmancik"
10985 419.5339966 171.9523163 83.11388397 0.875424862 11253 0.586054206 "Osmancik"
12651 467.5650024 200.0503693 81.17269897 0.913979053 12991 0.594111025 "Cammeo"
14289 502.8139954 216.6083832 85.56938171 0.918663085 14612 0.541004062 "Cammeo"
10965 433.7780151 179.3352203 78.85895538 0.898130357 11295 0.663339376 "Osmancik"
13098 458.7330017 187.3157654 90.63008118 0.875158787 13423 0.601930141 "Osmancik"
10792 416.6289978 171.3818054 81.65258026 0.879208803 11037 0.593684673 "Osmancik"
11454 419.3129883 174.1763153 84.3767395 0.874828398 11604 0.822136104 "Osmancik"
11321 424.5759888 173.9976349 84.73989105 0.873392224 11631 0.621896267 "Osmancik"
10512 418.0669861 170.8183594 79.28153992 0.885768235 10776 0.587919474 "Osmancik"
14071 479.0929871 197.4049683 92.30098724 0.883955121 14398 0.598995388 "Cammeo"
11485 424.4880066 175.3153687 84.48103333 0.876236975 11688 0.606260538 "Osmancik"
16654 519.0360107 217.2497101 98.99957275 0.890136063 16976 0.7633847 "Cammeo"
12310 438.1619873 177.7984314 89.22602844 0.864961565 12528 0.78587842 "Osmancik"
10786 408.0249939 165.1299286 84.93224335 0.857588828 11022 0.787586689 "Osmancik"
11123 426.8559875 181.0818024 79.00098419 0.899814665 11362 0.762058079 "Osmancik"
11759 429.3380127 169.3289185 89.80245209 0.847783029 12011 0.670486927 "Osmancik"
12140 441.4989929 182.4339905 85.49819183 0.883382499 12358 0.589606583 "Osmancik"
11659 429.7149963 173.3482819 87.5477829 0.863096058 11912 0.608761489 "Osmancik"
11372 435.5929871 179.5671539 81.47212982 0.891147375 11608 0.57996738 "Osmancik"
13670 486.8099976 207.7422028 84.57769775 0.913371086 13923 0.580960453 "Cammeo"
10803 411.3099976 165.2231293 84.78220367 0.858306348 11098 0.643073976 "Osmancik"
14305 490.1820068 206.8847198 88.67579651 0.903482914 14695 0.654182076 "Cammeo"
14709 489.5289917 204.9234619 91.86573029 0.893886745 15041 0.639799893 "Cammeo"
12040 441.0230103 182.7528076 85.15114594 0.884818316 12372 0.747408271 "Cammeo"
14401 482.1759949 203.0722198 91.35160065 0.893105209 14608 0.716503322 "Cammeo"
14677 498.7980042 209.8741455 90.2724762 0.902768552 15060 0.647848129 "Cammeo"
14768 499.8770142 210.5588074 90.47418213 0.902978361 15158 0.583116174 "Cammeo"
10900 417.5969849 172.6920624 81.00117493 0.883171737 11091 0.585392058 "Osmancik"
13998 484.8819885 198.7212982 90.92340851 0.889187813 14328 0.599511743 "Cammeo"
13501 472.4830017 198.0720367 87.68961334 0.896661997 13787 0.634028375 "Cammeo"
10499 403.2780151 162.4573364 83.75511932 0.856858611 10749 0.744926929 "Osmancik"
10453 411.447998 175.732193 76.61852264 0.899948597 10589 0.805626214 "Osmancik"
13857 498.0289917 220.266571 80.39958191 0.931003451 14053 0.507954538 "Cammeo"
14674 497.1029968 208.4364624 91.08699036 0.899460912 15049 0.682289481 "Cammeo"
13211 476.6589966 204.8645325 82.88511658 0.914500415 13608 0.710880339 "Cammeo"
14994 508.3070068 215.569809 89.61988068 0.909485877 15246 0.550764024 "Cammeo"
14758 500.0100098 206.285141 92.72486877 0.893281102 15166 0.582399368 "Cammeo"
11243 419.0270081 168.2050781 86.01402283 0.859364212 11421 0.63764745 "Osmancik"
11182 429.5950012 181.4321747 79.18195343 0.899739504 11389 0.67975682 "Osmancik"
12777 462.6690063 183.2349091 90.69457245 0.868913829 13148 0.572446227 "Osmancik"
11879 446.1430054 187.9102325 81.59091949 0.900815725 12095 0.652692318 "Osmancik"
11601 416.6459961 165.7809906 89.89610291 0.840211928 11782 0.645216882 "Osmancik"
12274 453.1289978 190.9840393 82.71131134 0.901355624 12466 0.560354292 "Osmancik"
10600 429.5109863 182.3060608 75.09999084 0.911208928 10829 0.72216922 "Osmancik"
13667 463.8420105 197.3556519 88.58672333 0.893597841 13829 0.634523451 "Osmancik"
10863 411.6220093 168.2714233 83.16527557 0.869329512 11057 0.702833831 "Osmancik"
11890 430.3389893 174.8227844 87.97628021 0.864151835 12142 0.687283218 "Osmancik"
11191 431.0570068 184.311676 78.07806396 0.905840099 11358 0.785884857 "Osmancik"
12917 473.2349854 200.3253326 83.2011795 0.909670651 13302 0.666099429 "Cammeo"
14806 509.3760071 214.1424255 89.6917038 0.908059418 15594 0.708794117 "Cammeo"
13347 461.8720093 193.527359 88.68710327 0.888814807 13536 0.777027428 "Osmancik"
13541 478.4609985 206.6994934 84.09855652 0.913488805 13768 0.813468695 "Cammeo"
10138 414.0090027 171.6197357 77.15938568 0.893232465 10425 0.566431999 "Osmancik"
15105 503.2919922 215.5826721 89.79667664 0.909121931 15327 0.60047704 "Cammeo"
14547 491.0440063 206.657074 90.17514038 0.89977622 14780 0.593222439 "Cammeo"
12867 449.0799866 181.7005615 91.34106445 0.864460349 13152 0.649061739 "Osmancik"
14022 483.0190125 204.4829559 88.56926727 0.901327789 14358 0.704729378 "Cammeo"
11437 430.6119995 184.1344604 79.24053955 0.902666569 11587 0.687939823 "Osmancik"
14488 489.8179932 204.6651917 91.22494507 0.895168602 14826 0.638294101 "Cammeo"
12840 454.4049988 184.8151855 89.92162323 0.873653352 13185 0.726655364 "Osmancik"
12600 441.2340088 182.6632538 88.16088867 0.875817955 12767 0.600686491 "Osmancik"
11536 426.8519897 172.1890717 87.07992554 0.862696052 11891 0.605882347 "Osmancik"
15115 492.0159912 200.4536285 97.04860687 0.874987841 15411 0.72382915 "Osmancik"
12709 461.0119934 190.7787476 87.41279602 0.888854563 13064 0.786934972 "Cammeo"
11565 428.4859924 180.718338 81.82832336 0.891614795 11737 0.764072418 "Osmancik"
11550 426.8439941 173.1856537 86.17210388 0.867423415 11766 0.613741457 "Osmancik"
10829 404.7510071 160.1178894 87.50862122 0.837441981 11138 0.721452355 "Osmancik"
10844 412.6640015 171.0299988 81.49285126 0.879183769 11046 0.817058444 "Osmancik"
11224 424.7470093 174.4214478 83.19822693 0.878905773 11544 0.713450313 "Osmancik"
13860 484.7720032 200.7766266 88.84082794 0.896775484 14238 0.660881162 "Cammeo"
11874 435.9360046 177.2800293 86.48963928 0.872916222 12097 0.722482502 "Osmancik"
9929 395.8720093 164.9081421 77.17048645 0.883749425 10070 0.613355577 "Osmancik"
11748 446.6950073 190.2133179 79.88955688 0.907524228 11926 0.809760153 "Osmancik"
11545 431.1159973 174.7368317 85.66143799 0.871592462 11911 0.652997732 "Osmancik"
11553 433.7770081 183.2213745 80.94514465 0.897119105 11729 0.806773722 "Osmancik"
14155 480.5220032 200.5467377 91.05967712 0.890972555 14462 0.722193897 "Cammeo"
12653 441.493988 176.0151062 93.18790436 0.848352849 12955 0.764809012 "Osmancik"
14053 497.052002 216.191864 84.159935 0.921117961 14416 0.808387041 "Cammeo"
11288 429.6470032 173.5355835 84.29547119 0.874095976 11665 0.593106329 "Osmancik"
13282 470.2579956 199.71138 85.10118103 0.904666245 13513 0.671622157 "Cammeo"
10480 414.8089905 177.8561249 75.2631073 0.90605104 10657 0.630338013 "Osmancik"
11462 432.1080017 180.2800598 81.89021301 0.890879929 11725 0.699926734 "Osmancik"
9249 390.20401 162.3269806 73.78990936 0.890708089 9522 0.617588162 "Osmancik"
13314 474.0870056 203.9480133 83.6628418 0.911988139 13627 0.747138023 "Cammeo"
10760 420.9490051 173.4446564 80.46677399 0.885870039 11046 0.58711189 "Osmancik"
13309 460.9219971 191.4629669 88.95413971 0.885519445 13540 0.653747916 "Cammeo"
14142 470.7130127 180.6985779 101.7622604 0.826347649 14709 0.702742994 "Osmancik"
11771 430.4700012 181.3029938 83.21956635 0.888432026 11919 0.796737492 "Osmancik"
11281 407.1010132 160.91008 90.44052124 0.827098966 11483 0.670012474 "Osmancik"
14269 501.0400085 214.6693573 85.64315796 0.916971028 14733 0.700009823 "Cammeo"
14723 491.0549927 204.1756744 93.06549072 0.890076637 15021 0.575679362 "Cammeo"
12539 437.4259949 174.9005737 92.72463226 0.847899973 12835 0.787378311 "Osmancik"
11297 418.9530029 172.9674225 84.43346405 0.872761667 11482 0.62293905 "Osmancik"
12325 454.0490112 192.6950531 82.55290985 0.903583407 12583 0.786033154 "Osmancik"
10697 408.8439941 163.8752289 84.58505249 0.856495082 10995 0.758114815 "Osmancik"
11937 427.3349915 172.9316406 88.59191132 0.858809888 12111 0.772321403 "Osmancik"
10828 415.8510132 167.3562775 83.59038544 0.866327941 11225 0.653706849 "Osmancik"
11559 427.0299988 173.2377777 87.18897247 0.864117086 11840 0.699147165 "Osmancik"
15975 522.8040161 218.4176788 94.04412842 0.902557135 16290 0.567636728 "Cammeo"
13651 502.0799866 222.0735626 79.33726501 0.934006214 14034 0.792648911 "Cammeo"
14988 491.7070007 205.0606689 94.85704041 0.886577368 15270 0.582013071 "Cammeo"
12243 449.6809998 182.0261993 87.13170624 0.877991199 12744 0.778569162 "Osmancik"
12095 444.0339966 186.0676727 83.80880737 0.892816246 12290 0.699942112 "Osmancik"
12330 433.0690002 173.9345551 91.46205139 0.850582421 12550 0.684239745 "Osmancik"
14966 499.6380005 205.474823 93.38162231 0.890763342 15387 0.58142966 "Cammeo"
10824 416.4150085 170.8782196 81.73239899 0.878192246 11046 0.590507388 "Osmancik"
11808 431.4570007 176.3045807 85.55895233 0.874352932 12006 0.618349373 "Osmancik"
12274 456.1239929 194.487381 81.23902893 0.908581078 12562 0.709643841 "Cammeo"
12364 442.855011 175.3573914 91.6060257 0.852702916 12679 0.617891073 "Osmancik"
16094 509.9790039 215.5475922 95.61666107 0.896225452 16403 0.758792996 "Cammeo"
11337 433.9779968 184.348114 78.86769867 0.903864264 11506 0.656608343 "Osmancik"
12981 451.3269958 183.7618561 91.07872772 0.868531168 13231 0.754928768 "Osmancik"
13135 459.256012 189.7806244 89.05083466 0.883075774 13353 0.58006537 "Osmancik"
9853 395.5010071 159.9161224 80.05778503 0.865665078 10102 0.601967275 "Osmancik"
13627 476.9890137 201.194519 86.95225525 0.901787341 13926 0.780559063 "Cammeo"
17425 541.8029785 232.0575562 96.44174194 0.90955019 17758 0.703955054 "Cammeo"
14985 516.9609985 219.5333862 88.00939178 0.91612488 15412 0.622973323 "Cammeo"
12495 451.3169861 182.6416168 88.68121338 0.874210179 12902 0.59061259 "Osmancik"
10536 412.5069885 162.7202911 84.6243515 0.854129553 10974 0.685937524 "Osmancik"
13645 484.3250122 205.5389709 85.92192841 0.908432186 13972 0.547134995 "Cammeo"
10919 428.7019958 182.9326477 77.90177155 0.904794037 11162 0.609047294 "Osmancik"
12537 440.1059875 177.2747192 91.08681488 0.857899606 12845 0.670427799 "Osmancik"
14410 477.6619873 197.1763763 93.66033936 0.879981518 14645 0.657270551 "Cammeo"
15158 505.276001 209.4760284 93.92682648 0.893838346 15586 0.609366834 "Cammeo"
14035 480.6289978 199.1483917 91.4108963 0.888431609 14422 0.716290712 "Cammeo"
15275 509.855011 217.5546875 90.183815 0.910033822 15582 0.667613626 "Cammeo"
11483 437.0249939 185.7523804 79.0817337 0.904846787 11665 0.575070083 "Osmancik"
11850 434.6220093 180.0014496 84.9884491 0.88151598 12073 0.792112291 "Osmancik"
10463 417.3569946 177.1761169 76.0458374 0.903204501 10681 0.583221853 "Osmancik"
12411 443.5549927 178.2272186 90.2240448 0.862398267 12780 0.640534699 "Osmancik"
15807 513.5109863 219.2963257 92.29656982 0.907118201 16078 0.780978262 "Cammeo"
11011 414.302002 170.3466034 83.25295258 0.872436881 11188 0.720992684 "Osmancik"
15028 498.82901 205.5384521 94.58416748 0.88782692 15382 0.577777803 "Cammeo"
15136 503.2600098 208.7720184 94.06877899 0.892735362 15471 0.595905483 "Cammeo"
11815 456.6029968 200.1107025 75.79281616 0.925497234 12108 0.733759761 "Cammeo"
13033 466.1390076 198.2071075 84.5166626 0.904531956 13234 0.769271612 "Osmancik"
12735 473.0509949 200.6844482 81.73117828 0.913311303 13140 0.537613988 "Cammeo"
14887 493.0450134 199.164917 96.6937027 0.874239087 15347 0.617128909 "Cammeo"
10663 403.2550049 163.9362793 83.74741364 0.859667778 10884 0.652171254 "Osmancik"
15710 517.0700073 214.7502136 95.24736023 0.896261394 16259 0.607595921 "Cammeo"
10763 416.0169983 171.0617828 80.66741943 0.881829202 10951 0.595035374 "Osmancik"
12624 451.7569885 188.2363586 86.35598755 0.888558388 12878 0.809023321 "Osmancik"
14817 502.5830078 211.5290222 90.38519287 0.904112518 15113 0.568027616 "Cammeo"
12060 438.7749939 177.4010315 87.37784576 0.870287478 12420 0.648666084 "Osmancik"
10594 409.821991 164.2878418 84.0559845 0.859200835 10977 0.627904236 "Osmancik"
15907 527.2109985 224.2521973 91.44113922 0.913089037 16206 0.547667384 "Cammeo"
11184 416.9249878 171.3773956 83.9644928 0.871756673 11349 0.649401903 "Osmancik"
10185 397.980011 163.8427277 79.58455658 0.874104738 10335 0.631510437 "Osmancik"
10826 414.2229919 168.2527924 82.88858795 0.87023139 11040 0.615498304 "Osmancik"
11048 424.2749939 169.5191193 84.77814484 0.865962088 11419 0.691623867 "Osmancik"
13811 485.6900024 209.2727661 85.20029449 0.913372159 14083 0.690619051 "Cammeo"
13780 497.428009 221.7229004 79.95213318 0.932722569 14010 0.550781429 "Cammeo"
12624 452.7319946 192.1109619 84.61237335 0.897784531 12791 0.565591395 "Osmancik"
14947 506.651001 214.3443146 89.52690125 0.908595145 15364 0.562996745 "Cammeo"
11945 414.1459961 162.3527832 94.94728088 0.811162531 12106 0.797769308 "Osmancik"
9447 407.0920105 173.822403 70.0859375 0.915109992 9698 0.582500935 "Osmancik"
13418 474.901001 194.5457001 89.70830536 0.887339413 13973 0.604305506 "Cammeo"
14013 458.9110107 181.9514923 99.44376373 0.83743304 14323 0.794387758 "Cammeo"
15087 510.605011 218.1743469 89.15250397 0.912700295 15506 0.549497366 "Cammeo"
12340 466.7430115 196.6935425 80.84041595 0.91163677 12774 0.744494736 "Osmancik"
14634 501.1220093 214.106781 87.76828766 0.912118077 14954 0.693258822 "Cammeo"
14284 499.9150085 213.1660614 86.92615509 0.913077474 14678 0.704582453 "Cammeo"
14295 484.2269897 202.7705688 91.39711761 0.892654479 14528 0.551823974 "Cammeo"
12120 441 180.3765259 86.71607971 0.876857519 12479 0.642255306 "Osmancik"
9292 414.118988 183.6397095 64.87107086 0.935528278 9442 0.501078486 "Osmancik"
14826 514.5319824 219.3729401 86.88575745 0.918222845 15170 0.543076932 "Cammeo"
15636 513.2269897 214.3835602 93.97776031 0.898798168 15913 0.566275537 "Cammeo"
12155 434.2749939 174.7768097 89.50150299 0.858931601 12388 0.80294621 "Osmancik"
11952 443.4909973 181.7682648 85.32751465 0.882969558 12224 0.590134799 "Osmancik"
11221 418.5610046 168.1425018 85.76485443 0.860131443 11455 0.767720282 "Osmancik"
10965 416.6270142 171.8099518 82.7122879 0.876491487 11167 0.66054219 "Osmancik"
10482 402.5209961 164.5421295 82.02778625 0.866877377 10679 0.618115366 "Osmancik"
10309 396.5390015 161.2334137 81.93710327 0.861245334 10478 0.707549751 "Osmancik"
11504 432.4440002 175.78508 84.95903015 0.875448227 11861 0.588018835 "Osmancik"
13181 470.3890076 199.4720764 84.90553284 0.904887319 13429 0.73435849 "Cammeo"
13644 473.178009 200.2905121 87.84367371 0.898691535 13859 0.676785707 "Cammeo"
13818 467.8959961 189.2847595 94.47992706 0.866520345 14142 0.617453873 "Osmancik"
14470 489.7860107 207.3626556 89.81264496 0.901336908 14724 0.619620621 "Cammeo"
10150 405.7369995 164.7185516 80.26424408 0.87324518 10338 0.59270072 "Osmancik"
10469 423.7850037 177.0367737 76.73817444 0.901173294 10859 0.570207 "Osmancik"
12470 455.8970032 192.4611511 83.3955307 0.901244462 12704 0.581297755 "Cammeo"
10690 404.6400146 165.3701935 83.37030792 0.863619924 10855 0.620789766 "Osmancik"
11462 424.5570068 175.4199982 84.14051819 0.87745893 11650 0.798245013 "Osmancik"
13560 479.1990051 197.5580292 88.77228546 0.89335686 14033 0.691766143 "Cammeo"
12421 464.6390076 200.5952759 79.92349243 0.917198062 12699 0.553816676 "Osmancik"
11732 433.8640137 173.9580841 86.97465515 0.866039932 12054 0.629601777 "Osmancik"
13198 468.4559937 200.4911499 84.69168854 0.906399727 13455 0.731921017 "Cammeo"
11976 444.6440125 188.9818573 81.36695862 0.902564645 12149 0.558009505 "Osmancik"
14897 509.631012 219.6719208 87.50059509 0.917244792 15330 0.713662922 "Cammeo"
12324 465.6690063 198.5217133 80.21651459 0.914728403 12557 0.641674459 "Osmancik"
10650 407.1610107 165.6199951 83.14749146 0.864845693 10851 0.615500212 "Osmancik"
10156 409.2900085 177.7449951 73.22962952 0.911187172 10327 0.751795113 "Osmancik"
13251 460.5320129 190.9163055 88.99755859 0.884700418 13528 0.749915123 "Cammeo"
11891 430.3009949 175.0167389 87.99028778 0.864429772 12170 0.61038959 "Osmancik"
12495 454.7929993 186.7766266 86.49271393 0.886315942 12774 0.750315249 "Osmancik"
14818 487.0159912 197.8289795 97.38611603 0.870440125 15261 0.632599056 "Cammeo"
10719 422.3739929 173.3438568 80.02292633 0.887065947 11007 0.766573668 "Osmancik"
12198 432.0270081 176.9954376 88.56768799 0.865797043 12400 0.749493062 "Osmancik"
14811 512.1099854 217.738327 87.48340607 0.915735245 15090 0.549165726 "Cammeo"
11031 421.2909851 172.6673584 82.59618378 0.878166914 11298 0.72879231 "Osmancik"
12029 441.7399902 181.7962799 85.41960144 0.88273859 12275 0.596558213 "Cammeo"
12426 451.0889893 185.1910248 87.4606781 0.881452441 12779 0.624579012 "Cammeo"
12683 444.5310059 176.6249695 92.58024597 0.851618052 13094 0.668088913 "Osmancik"
11106 415.9849854 175.1867523 81.15784454 0.886219919 11257 0.609985173 "Osmancik"
13234 472.3500061 198.5750122 86.26436615 0.900711834 13512 0.742648721 "Cammeo"
15676 512.335022 214.7678528 93.72193909 0.899758995 15961 0.779280186 "Cammeo"
10817 403.9979858 167.4233551 82.7212677 0.869413972 10953 0.785092175 "Osmancik"
12170 441.4769897 181.8880005 86.57873535 0.879445136 12373 0.772551239 "Osmancik"
11749 455.2569885 192.5899963 78.04095459 0.914220035 12001 0.606650472 "Osmancik"
18313 538.4979858 222.4642487 106.1847458 0.878734171 18724 0.624420345 "Cammeo"
10227 403.9989929 164.8086548 80.21972656 0.873544335 10496 0.630595624 "Osmancik"
11859 444.8009949 183.5527649 83.57420349 0.890330791 12213 0.763127387 "Cammeo"
14305 491.1610107 207.8712921 88.60971069 0.904595017 14633 0.579525173 "Cammeo"
15475 511.7969971 220.4769287 90.20722961 0.91246897 15734 0.827318907 "Cammeo"
11941 434.8039856 174.2298889 89.47452545 0.858063936 12249 0.754136682 "Osmancik"
12863 457.1910095 195.7003937 84.50079346 0.901975811 13023 0.808586895 "Cammeo"
16679 528.552002 222.7795868 96.64006805 0.901012897 17006 0.569171429 "Cammeo"
13567 475.17099 197.2946777 88.91294098 0.892695367 13940 0.637696803 "Cammeo"
15545 516.8690186 217.1186829 92.24694061 0.90525496 16019 0.657488465 "Cammeo"
10873 408.4890137 167.7020264 83.42141724 0.867499352 11073 0.668120921 "Osmancik"
9346 383.743988 158.0488739 75.98288727 0.876854599 9539 0.679017723 "Osmancik"
12730 462.3699951 192.6936188 85.33430481 0.896595895 13160 0.633711696 "Osmancik"
12734 447.0840149 180.24823 91.31795502 0.862167537 13019 0.794881403 "Osmancik"
10680 413.803009 171.882019 79.86556244 0.885492623 10848 0.590773344 "Osmancik"
13469 475.0870056 203.247818 84.86798096 0.908649743 13739 0.727778673 "Cammeo"
10392 416.4890137 177.3663483 75.56694794 0.904699564 10559 0.562459409 "Osmancik"
11396 446.2829895 192.2324066 76.52645874 0.917344868 11692 0.645153999 "Cammeo"
14523 491.9370117 205.1251221 91.14208221 0.895865977 14849 0.610005021 "Cammeo"
13864 491.4460144 206.8836975 86.35062408 0.908728719 14221 0.715967774 "Cammeo"
11380 423.6149902 172.1738892 85.65729523 0.867461383 11620 0.673173606 "Osmancik"
13087 468.8110046 198.2867126 84.87167358 0.90376687 13488 0.772458971 "Cammeo"
14362 504.5769958 211.2930603 88.26586151 0.908565998 14724 0.541860044 "Cammeo"
14968 514.8010254 220.223999 87.73534393 0.917215526 15438 0.740916729 "Cammeo"
13549 464.0050049 189.9726563 91.63721466 0.875967264 13772 0.73933208 "Osmancik"
11782 436.5339966 183.4502258 82.57640076 0.892963171 11985 0.614029586 "Osmancik"
16593 524.8380127 218.1038208 97.8526001 0.893706799 16814 0.593285203 "Cammeo"
15500 502.3210144 213.3670044 93.55457306 0.898746848 15724 0.814974487 "Cammeo"
16226 517.684021 217.0805664 95.93837738 0.897040546 16466 0.583144665 "Cammeo"
10727 406.4530029 168.9637146 81.3238678 0.876550615 10868 0.797783732 "Osmancik"
10588 404.3240051 163.6620789 83.96915436 0.858350217 10756 0.614866436 "Osmancik"
12115 449.197998 187.5915833 83.37023926 0.895816445 12440 0.566863179 "Osmancik"
13932 495.5280151 213.3485413 84.32090759 0.91858387 14297 0.554838717 "Cammeo"
13057 460.1679993 187.128479 90.31277466 0.875827432 13385 0.750790656 "Cammeo"
12563 444.868988 183.2237549 88.04947662 0.876963437 12767 0.766971946 "Osmancik"
10588 410.9360046 169.8278809 80.41876221 0.88077718 10783 0.78377378 "Osmancik"
15360 515.2979736 220.9217529 89.95549011 0.913346767 15662 0.641604006 "Cammeo"
14753 489.5360107 207.4660034 92.00662994 0.896285236 14984 0.804679811 "Cammeo"
11050 424.7340088 175.5983582 80.98214722 0.887307525 11295 0.593002021 "Osmancik"
14960 482.1400146 199.5439758 96.21820068 0.876066387 15149 0.611860931 "Osmancik"
15080 512.9459839 211.9261169 92.14079285 0.900537729 15533 0.566768169 "Cammeo"
12393 438.8909912 184.7748413 86.00998688 0.885055602 12582 0.706475914 "Osmancik"
14734 498.7070007 211.0009613 90.11148071 0.904220164 15171 0.784599841 "Cammeo"
11720 425.4500122 171.5880127 88.36038208 0.857216239 11912 0.779203534 "Osmancik"
12124 446.4400024 188.9753418 82.71679688 0.899115205 12336 0.740351737 "Osmancik"
12590 447.5320129 180.0244598 89.97459412 0.866146088 12875 0.669111371 "Osmancik"
11116 409.5440063 166.3851318 86.12647247 0.855602622 11313 0.621874154 "Osmancik"
13655 477.6260071 203.9560394 86.22283173 0.90624541 13857 0.73782891 "Cammeo"
13397 474.8649902 200.5462646 86.39673615 0.902444065 13762 0.694037199 "Cammeo"
12714 454.5450134 185.1232758 88.69658661 0.87774843 12939 0.62268585 "Osmancik"
11786 424.618988 171.8438568 88.34416199 0.857732892 11946 0.624787927 "Osmancik"
11104 420.9700012 164.9390259 87.29203033 0.84847331 11429 0.632706523 "Osmancik"
8810 384.7470093 164.3539429 68.90158081 0.907881498 8987 0.587568343 "Osmancik"
16122 539 233.9135132 89.53108215 0.923850715 16440 0.511160433 "Cammeo"
10211 392.3529968 163.1970825 80.24487305 0.870761693 10348 0.753468096 "Osmancik"
11856 456.4219971 201.0033722 75.42108154 0.9269346 12027 0.716461182 "Cammeo"
12655 459.9049988 192.9947968 84.9026947 0.898035884 12959 0.645334005 "Cammeo"
11908 430.7030029 174.3730011 88.10850525 0.86295104 12162 0.688323677 "Osmancik"
10948 408.4389954 167.1761169 83.6878891 0.865680397 11132 0.754670143 "Osmancik"
15080 500.006012 209.5892792 92.79666138 0.896642745 15614 0.732323229 "Cammeo"
11889 440.947998 178.9921417 85.91994476 0.877257109 12185 0.763780057 "Osmancik"
11546 429.5239868 175.6586914 84.9068222 0.875420332 11757 0.606312037 "Osmancik"
14009 487.0629883 208.6516571 86.59980774 0.909800947 14333 0.75010711 "Cammeo"
14431 497.0629883 212.0456696 87.85141754 0.910138488 14805 0.6486426 "Cammeo"
12939 469.4809875 202.0433197 83.09899139 0.911503255 13165 0.657703459 "Cammeo"
12136 455.4289856 195.5704041 80.09986877 0.912278473 12334 0.772304952 "Osmancik"
13049 469.5379944 196.4661713 85.99484253 0.899117112 13409 0.72700429 "Osmancik"
9120 383.572998 158.4627075 74.1576767 0.883738041 9293 0.617635131 "Osmancik"
15529 509.0169983 207.0513153 96.9881134 0.88350302 15993 0.599737406 "Cammeo"
15113 493.7380066 206.5661316 94.1913681 0.889986694 15374 0.659035385 "Cammeo"
17338 530.0440063 222.0843658 100.549118 0.89163655 17725 0.792449355 "Cammeo"
14587 497.946991 211.6872864 88.91320801 0.907514155 14926 0.648685932 "Cammeo"
10847 414.4509888 165.5851746 85.0072937 0.85816437 11148 0.679721773 "Osmancik"
10873 416.0409851 170.9129791 82.10005951 0.877070487 11085 0.645358503 "Osmancik"
12149 455.5620117 191.4457245 82.05867004 0.903481901 12510 0.714226902 "Cammeo"
11133 431.7019958 184.9529877 77.7363205 0.90738374 11287 0.552232146 "Osmancik"
11357 427.0409851 178.5951538 81.39303589 0.890112698 11546 0.596731842 "Osmancik"
12913 449.0239868 178.1638031 93.14697266 0.852445245 13198 0.625629842 "Osmancik"
13562 474.2189941 194.6127625 90.66897583 0.884840369 13871 0.713338971 "Cammeo"
9322 385.4159851 157.3514557 76.3523407 0.874384105 9566 0.636531234 "Osmancik"
11869 434.2520142 177.8726501 86.16555023 0.874834061 12144 0.621511221 "Osmancik"
9577 404.5440063 166.9007568 74.35095978 0.895291865 9855 0.612261832 "Osmancik"
12581 439.1549988 171.1239014 95.38031006 0.830260396 12858 0.695736349 "Osmancik"
16893 523.2540283 216.2404938 100.408165 0.885659337 17293 0.68105948 "Cammeo"
12234 449.3800049 188.6259308 83.90933228 0.895607471 12492 0.594749629 "Cammeo"
12000 440.4869995 181.4352264 84.99417114 0.883487582 12196 0.637755096 "Osmancik"
13907 485.7200012 202.5810852 89.2024231 0.897836268 14358 0.555724263 "Cammeo"
11392 427.7449951 174.0228729 84.52707672 0.874112248 11609 0.602560043 "Osmancik"
12024 436.526001 182.3500977 84.88275146 0.88505137 12235 0.626641631 "Osmancik"
8679 380.6010132 158.23526 70.78799438 0.894354403 8889 0.718044162 "Osmancik"
14982 505.0780029 217.3649902 88.5952301 0.913166225 15325 0.559238493 "Cammeo"
10821 418.0020142 176.5582275 79.08771515 0.894062996 10986 0.590408146 "Osmancik"
15126 500.1140137 209.1668091 93.81420898 0.89377588 15496 0.706030607 "Cammeo"
11708 433.6650085 184.3030853 81.25191498 0.897575736 11888 0.611703217 "Osmancik"
14466 497.8399963 204.4095459 91.21478271 0.89491564 14885 0.656500995 "Cammeo"
12567 453.7720032 192.2237701 83.54117584 0.900621772 12778 0.575359404 "Osmancik"
11719 436.4249878 180.1156921 83.87120056 0.884967983 11922 0.683323622 "Osmancik"
13470 471.1879883 200.5023499 86.7831955 0.901476145 13729 0.582108915 "Cammeo"
14881 495.6180115 206.6678314 93.32417297 0.892237723 15225 0.583980858 "Cammeo"
16067 526.4249878 228.9422607 90.14622498 0.919217169 16370 0.555855393 "Cammeo"
16302 526.3400269 225.3229675 92.99416351 0.91086024 16669 0.608351707 "Cammeo"
11353 418.756012 169.480072 86.2026825 0.8609851 11510 0.622969687 "Osmancik"
13424 461.4689941 186.5067444 92.67175293 0.867818415 13702 0.675523341 "Cammeo"
12280 444.4230042 182.7072449 86.71579742 0.880192935 12565 0.663389325 "Osmancik"
14339 492.3080139 205.7731628 90.85659027 0.897242725 14818 0.62747246 "Cammeo"
14161 488.6870117 206.5074615 87.96766663 0.904733479 14428 0.593951821 "Cammeo"
9424 387.973999 154.5109406 79.71231842 0.856648326 9633 0.604528844 "Osmancik"
10705 414.3349915 169.6468964 81.6556778 0.876540959 10882 0.77348268 "Osmancik"
14566 498.026001 208.2254333 90.5405426 0.900517523 14927 0.560834765 "Cammeo"
11297 416.6799927 165.3592072 88.23674774 0.845732868 11535 0.62928921 "Osmancik"
12357 452.9830017 189.5781097 84.28502655 0.89573288 12666 0.646624804 "Osmancik"
10737 414.4719849 170.4575806 81.17028809 0.879342139 10986 0.611794889 "Osmancik"
11304 419.1809998 171.3791199 84.67481232 0.869417012 11504 0.720918357 "Osmancik"
12737 445.1539917 178.9357452 91.93397522 0.857920706 12942 0.618541181 "Osmancik"
15311 507.9949951 215.141449 91.61975098 0.904789925 15690 0.704407454 "Cammeo"
12244 442.1900024 179.9014587 87.8075943 0.872794867 12568 0.63269949 "Osmancik"
11323 422.4379883 169.9845581 86.26496124 0.861659348 11628 0.60312134 "Osmancik"
12745 453.0350037 187.0058441 87.66728973 0.883307338 13040 0.605175674 "Cammeo"
10810 415.303009 169.0044556 82.43157959 0.872984469 11029 0.698094904 "Osmancik"
9994 406.6430054 173.0985107 74.46515656 0.902738631 10123 0.807009041 "Osmancik"
11966 456.8460083 194.2702637 79.35068512 0.912778378 12337 0.574597836 "Cammeo"
14658 477.1170044 189.5666351 99.99777985 0.849550545 15048 0.649503708 "Osmancik"
14337 494.2990112 206.6927795 89.74820709 0.900811374 14859 0.709893048 "Cammeo"
11307 437.8800049 181.0375824 80.66364288 0.895250618 11662 0.718452156 "Osmancik"
12599 450.20401 184.9691467 87.25172424 0.881753981 12818 0.736439109 "Osmancik"
12032 437.303009 176.7515564 87.45618439 0.869008422 12264 0.641433001 "Osmancik"
14500 504.0679932 218.9050293 85.14116669 0.921262622 14864 0.619896531 "Cammeo"
11366 431.9360046 179.0712585 81.93755341 0.889173865 11737 0.606348336 "Osmancik"
15550 505.7630005 211.37883 94.41613007 0.894699872 15896 0.718842447 "Cammeo"
14011 493.8789978 212.6303101 85.02820587 0.916564226 14336 0.627986193 "Cammeo"
15094 506.5069885 217.9382935 89.09558868 0.912619054 15346 0.668556511 "Cammeo"
12982 466.1570129 200.5194702 82.79619598 0.910772502 13188 0.622279763 "Cammeo"
14734 507.2839966 217.8244476 86.65876007 0.917455852 15039 0.681372523 "Cammeo"
11699 434.8919983 178.2296906 85.45214844 0.877569437 12005 0.588925242 "Osmancik"
11816 453.9899902 191.0656281 79.93447876 0.908280671 12079 0.767771304 "Osmancik"
12444 445.8720093 183.3505707 87.90731049 0.877569556 12630 0.604547203 "Osmancik"
9854 397.0669861 169.1532288 74.63223267 0.897403479 9992 0.723920047 "Osmancik"
16603 513.5230103 213.5202637 99.96153259 0.883643985 16922 0.608904541 "Cammeo"
11052 418.9500122 170.4664459 83.59331512 0.871508777 11338 0.701981723 "Osmancik"
10871 416.5379944 171.4437103 82.22730255 0.877478004 11156 0.600840092 "Osmancik"
11710 429.0629883 178.2835999 84.48762512 0.880581617 11906 0.593392134 "Osmancik"
10499 408.7290039 165.5593719 82.35824585 0.867490113 10785 0.661312699 "Osmancik"
12016 469.4249878 196.9492493 79.83517456 0.91415751 12464 0.562968493 "Cammeo"
12962 456.7139893 185.9990997 90.16757202 0.874639332 13224 0.608373225 "Osmancik"
14938 502.6870117 209.6447296 92.03596497 0.898482561 15331 0.635200083 "Cammeo"
11363 423.2659912 175.8741608 83.84262848 0.8790555 11548 0.791350365 "Osmancik"
11891 446.4070129 189.0554657 81.9135437 0.901260376 12125 0.551914573 "Osmancik"
10838 412.4909973 165.197464 84.85578918 0.857992172 11167 0.718319178 "Osmancik"
13509 480.4660034 207.1371613 83.94016266 0.914210558 13732 0.595634937 "Cammeo"
11814 424.5320129 172.855957 87.35523987 0.862906039 11970 0.738144338 "Osmancik"
11279 426.2120056 168.4024658 86.92972565 0.85646677 11651 0.660904706 "Osmancik"
15790 516.4799805 218.4259033 92.93593597 0.904967666 16197 0.750154376 "Cammeo"
14806 497.8559875 211.1334991 90.01241302 0.904568017 15114 0.651213944 "Cammeo"
11543 431.7630005 179.598114 82.52258301 0.88818568 11786 0.602641761 "Osmancik"
13050 467.5220032 194.8988495 86.94762421 0.894974828 13389 0.619775832 "Cammeo"
9165 380.6600037 156.6703949 75.54000854 0.876083851 9366 0.65436244 "Osmancik"
14952 488.6300049 203.0029602 94.55452728 0.884901047 15187 0.615612626 "Cammeo"
11287 419.9179993 170.1075592 85.72703552 0.863728285 11557 0.669692636 "Osmancik"
10623 423.0230103 175.0342712 78.42090607 0.894017696 10897 0.587295473 "Osmancik"
11242 418.6459961 172.5299072 83.84862518 0.873961747 11409 0.648888886 "Osmancik"
12482 448.5390015 185.0900421 87.2516098 0.881919026 12744 0.592687547 "Osmancik"
13118 480.0859985 207.1090393 81.70571136 0.918893456 13652 0.568765163 "Cammeo"
12535 442.9379883 185.8367004 86.91271973 0.883896112 12669 0.601718485 "Osmancik"
12183 450.6659851 189.0736694 83.80858612 0.896393657 12432 0.810039878 "Osmancik"
15752 519.8889771 216.7020416 94.21913147 0.900533557 16426 0.601221383 "Cammeo"
14202 485.9379883 202.6140594 90.65028381 0.894332111 14640 0.56176573 "Cammeo"
11097 422.3680115 172.1637115 83.62702942 0.874102652 11393 0.612417221 "Osmancik"
15123 518.2579956 226.3814392 85.84078217 0.925320268 15378 0.636918783 "Cammeo"
11343 416.4689941 171.6786041 84.90172577 0.869155586 11492 0.734745443 "Osmancik"
11540 427.3190002 174.0828094 85.41786957 0.871343374 11829 0.74518919 "Osmancik"
15705 498.9639893 208.5411682 96.63723755 0.886151075 16009 0.773645341 "Cammeo"
15773 515.7940063 219.4337616 92.62104797 0.906553388 16089 0.705411434 "Cammeo"
13699 480.7290039 197.9709167 89.94907379 0.890820742 14178 0.672046721 "Cammeo"
11859 436.2529907 184.635376 82.1749115 0.895497799 12049 0.64813906 "Osmancik"
14436 486.9890137 204.4976959 90.86436462 0.895863414 14709 0.64185673 "Cammeo"
12784 448.3469849 186.1167297 88.22885132 0.880497277 12937 0.604730368 "Osmancik"
14871 487.6180115 204.1911011 93.79976654 0.888243735 15067 0.763084948 "Cammeo"
10951 432.6119995 182.0443115 78.21557617 0.902994871 11242 0.547112286 "Cammeo"
11993 438.0740051 175.5400848 88.08393097 0.864990532 12359 0.607732832 "Osmancik"
14828 493.5 209.9035645 90.66991425 0.901892841 15090 0.606511772 "Cammeo"
12759 455.3150024 188.1911774 87.08290863 0.886495948 13082 0.675079346 "Osmancik"
16000 515.3809814 215.714325 94.95480347 0.897905767 16289 0.673655868 "Cammeo"
11703 422.053009 166.0104065 91.12495422 0.835880697 12023 0.653762341 "Osmancik"
10427 408.1570129 164.5542297 81.85787201 0.867491364 10689 0.795104444 "Osmancik"
14007 490.6600037 205.3961182 88.06983948 0.903408706 14433 0.768939376 "Cammeo"
10527 403.3479919 163.0692444 83.84018707 0.857707143 10725 0.635036469 "Osmancik"
16283 516.7360229 217.7095032 96.08863068 0.897329271 16649 0.780061305 "Cammeo"
11568 429.5480042 174.5865631 85.20391846 0.872825444 11800 0.60187304 "Osmancik"
16008 521.007019 222.8452301 92.12952423 0.910538733 16315 0.611879826 "Cammeo"
14641 505.0020142 211.5836487 90.03343201 0.904948235 15034 0.629557967 "Cammeo"
15281 509.5169983 212.6968842 92.99383545 0.899358034 15689 0.640229583 "Cammeo"
11543 428.6019897 175.3706818 85.0582428 0.874503195 11859 0.671065629 "Osmancik"
12688 466.8380127 193.7866669 84.3717041 0.900244594 12956 0.601897538 "Cammeo"
13782 471.131012 194.4383392 90.97846222 0.883779347 14000 0.596623361 "Cammeo"
14400 486.8999939 200.1377106 93.24651337 0.88483119 14714 0.618131876 "Cammeo"
12532 454.0669861 186.8625946 87.04252625 0.884884596 12888 0.630731285 "Osmancik"
14034 491.7319946 205.5051117 88.35205841 0.902863979 14448 0.555912077 "Cammeo"
12042 441.8099976 182.1767426 85.04359436 0.884352803 12302 0.640804589 "Osmancik"
13816 484.276001 199.0134888 89.86624908 0.892241478 14356 0.64245522 "Cammeo"
11274 425.0549927 173.3803253 83.83379364 0.875330329 11526 0.652770519 "Osmancik"
12271 443.7869873 179.8376923 87.74169159 0.872902989 12510 0.623526394 "Osmancik"
14958 505.2569885 216.376297 88.34890747 0.912842691 15235 0.708607674 "Cammeo"
10821 425.2680054 178.3567963 78.24892426 0.898623168 11101 0.779386342 "Osmancik"
16933 521.9219971 221.3329773 98.09829712 0.896414876 17212 0.776743114 "Cammeo"
12445 440.5769958 184.6552124 86.31019592 0.884039223 12597 0.672302961 "Osmancik"
11145 421.2430115 170.0307007 84.57749176 0.8675071 11376 0.636130154 "Osmancik"
9495 386.5899963 160.5724487 75.85517883 0.88138175 9640 0.668944597 "Osmancik"
12579 452.2170105 191.2431793 84.36917114 0.897427619 12889 0.600286305 "Cammeo"
13481 447.92099 182.9851379 94.3671875 0.856763482 13647 0.780783057 "Osmancik"
14359 506.0889893 223.260849 82.48140717 0.929254711 14698 0.537870824 "Cammeo"
13355 466.3160095 193.7286835 88.69730377 0.889033139 13597 0.605421841 "Osmancik"
14504 502.5069885 212.2475739 87.93212891 0.910144746 14895 0.553418815 "Cammeo"
10937 411.9580078 165.007782 85.2615509 0.856159091 11135 0.624971449 "Osmancik"
13005 467.7999878 199.9649963 83.36130524 0.908961773 13251 0.552933693 "Osmancik"
14840 512.0079956 220.5143127 86.4150238 0.920016587 15160 0.564172745 "Cammeo"
10767 425.0360107 182.0640717 76.10566711 0.908439755 11004 0.742602944 "Osmancik"
10462 415.7739868 169.7720642 80.69159698 0.879827201 10789 0.745847285 "Osmancik"
11765 429.2929993 175.0630798 86.72859955 0.868657351 11969 0.611168802 "Osmancik"
14451 487.2200012 201.294693 92.73952484 0.887548029 14776 0.647272229 "Cammeo"
12339 435.9370117 173.02742 92.28986359 0.845873892 12646 0.737493277 "Osmancik"
12593 432.1839905 171.4846954 93.92502594 0.836663902 12785 0.663767636 "Osmancik"
12468 461.5499878 196.8182831 81.54729462 0.910127699 12786 0.676505685 "Cammeo"
11393 428.2789917 177.3316956 82.80522919 0.884283125 11627 0.694018006 "Osmancik"
12192 428.5929871 172.949585 90.53118896 0.852053821 12383 0.740524769 "Osmancik"
13104 476.9890137 202.4251099 83.61328888 0.910704792 13464 0.538815796 "Cammeo"
10272 403.04599 171.383667 76.66117859 0.894380271 10419 0.759201765 "Osmancik"
12620 458.8869934 193.8964233 84.0860672 0.901074231 12866 0.75253427 "Osmancik"
14850 509.2749939 215.9631958 89.12654877 0.910870075 15372 0.799418628 "Cammeo"
13607 482.8179932 202.8472443 86.15413666 0.90532279 13901 0.556842387 "Cammeo"
11769 426.3099976 176.1145935 85.90213776 0.872976243 11928 0.791193306 "Osmancik"
13066 458.2619934 186.3458557 90.90145874 0.872949541 13315 0.614812732 "Osmancik"
11166 414.8900146 165.7387848 87.03055573 0.85103637 11478 0.670953035 "Osmancik"
11898 420.7789917 166.0784607 92.47577667 0.830633283 12133 0.762496769 "Osmancik"
12382 453.0499878 187.1069946 85.73007965 0.888855577 12771 0.61345619 "Osmancik"
11933 430.8670044 178.9629974 85.46997833 0.878585756 12118 0.798087239 "Osmancik"
10213 430.0440063 187.3143921 69.94136047 0.927674353 10392 0.563444793 "Osmancik"
12152 447.9169922 185.2463074 85.78560638 0.886311591 12449 0.575378776 "Osmancik"
11679 417.8250122 170.5679932 87.63663483 0.857914209 11853 0.794327676 "Osmancik"
12415 438.9960022 181.1088867 88.23397827 0.873297393 12586 0.601618528 "Osmancik"
13720 477.6350098 201.1578674 87.30999756 0.90089494 13936 0.664535522 "Osmancik"
10613 423.32901 172.1127625 79.71240234 0.886284828 10881 0.586969733 "Osmancik"
15609 492.6629944 202.2301636 99.01204681 0.871946752 15884 0.681020916 "Cammeo"
16318 537.4470215 232.0368195 90.71050262 0.920419753 16592 0.598167181 "Cammeo"
10761 429.0180054 183.5671082 75.22785187 0.91217041 11031 0.57879734 "Cammeo"
11392 424.5239868 172.1981659 85.84371948 0.86687988 11707 0.678095222 "Osmancik"
14092 466.447998 185.1782379 98.08610535 0.84819454 14434 0.663840234 "Osmancik"
11095 423.2409973 170.1550446 84.6175766 0.867580414 11350 0.772363365 "Osmancik"
13102 479.2730103 202.5076752 83.75623322 0.91046083 13528 0.617989719 "Cammeo"
14272 491.45401 210.5023193 87.93792725 0.908560753 14545 0.80337745 "Cammeo"
12020 425.7340088 175.5486908 87.59830475 0.866603613 12176 0.646862566 "Osmancik"
12621 444.5880127 184.9431305 87.62445831 0.880637109 12832 0.733992457 "Cammeo"
12802 457.6610107 192.062973 85.54149628 0.895340383 13001 0.756351173 "Osmancik"
11549 440.2479858 179.1168823 84.49580383 0.881740093 11961 0.595401347 "Cammeo"
12558 452.6929932 189.4781647 85.08824921 0.89349848 12799 0.624031007 "Osmancik"
13683 492.9750061 213.9091949 83.12070465 0.921415269 14070 0.761266291 "Cammeo"
11760 432.5320129 176.1437683 86.02404785 0.872634411 12055 0.632870495 "Osmancik"
11496 440.4689941 185.7225647 79.85572052 0.902841687 11759 0.750930846 "Osmancik"
10950 412.3340149 166.3060608 85.298172 0.858449101 11172 0.776045382 "Osmancik"
13258 476.0910034 195.3047791 88.26482391 0.892051518 13583 0.575434029 "Osmancik"
13429 491.3770142 208.908783 83.84211731 0.91593194 13837 0.533066034 "Cammeo"
14126 498.4249878 216.8854828 83.81038666 0.922320008 14410 0.760771215 "Cammeo"
12693 448.1579895 180.0895996 91.82331848 0.860248089 13035 0.593408108 "Osmancik"
14478 469.1610107 190.8477173 97.34318542 0.860140681 14686 0.765424252 "Cammeo"
14586 484.053009 196.4033966 95.85621643 0.872811317 14976 0.771541893 "Cammeo"
10962 418.6610107 171.6389008 82.79927063 0.875948906 11258 0.716470599 "Osmancik"
14246 488.9159851 210.7537231 86.88517761 0.911066532 14453 0.748057127 "Cammeo"
11332 449.2600098 194.7819214 75.36934662 0.922103941 11671 0.673681736 "Cammeo"
11501 439.5379944 182.6630707 81.62102509 0.894614279 11878 0.583333313 "Osmancik"
12060 451.5939941 187.8306885 82.86117554 0.897434235 12367 0.597502947 "Osmancik"
12886 463.9030151 193.8765869 85.47773743 0.897562444 13196 0.595251322 "Cammeo"
11838 440.256012 181.3232727 83.83839417 0.886687219 12165 0.601524413 "Cammeo"
11505 444.3940125 187.2300568 79.44548798 0.905512214 11745 0.559255302 "Osmancik"
11077 427.6640015 181.1168671 78.34978485 0.901589572 11275 0.555238068 "Osmancik"
12959 455.2669983 181.2097931 92.44759369 0.860074282 13375 0.62219131 "Osmancik"
13092 465.4370117 197.0418701 85.83563995 0.900130033 13369 0.76885128 "Cammeo"
13002 448.1149902 182.6278687 91.47121429 0.86552763 13200 0.605814934 "Osmancik"
13410 464.776001 186.4289856 93.29445648 0.865777612 13894 0.716690719 "Osmancik"
11363 419.4549866 170.0657501 86.50566864 0.860967398 11699 0.694305241 "Osmancik"
14276 492.8399963 208.8769531 88.12108612 0.906651497 14706 0.582456112 "Cammeo"
11872 429.5379944 180.0838623 84.37754059 0.883439183 12041 0.640448809 "Osmancik"
12672 450.3439941 184.4046173 88.78121185 0.876474738 12939 0.782608688 "Osmancik"
11689 434.8770142 183.5699921 81.76420593 0.895325899 11856 0.572316885 "Osmancik"
12373 438.881012 175.827301 90.91231537 0.855952382 12622 0.768175304 "Osmancik"
10440 405.6149902 165.2468414 82.02889252 0.868092656 10716 0.598417997 "Osmancik"
12410 463.4899902 195.1714935 82.36030579 0.906600714 12849 0.564090908 "Cammeo"
10533 411.0130005 168.5183258 80.82944489 0.877461135 10834 0.636973858 "Osmancik"
11379 438.1640015 182.2000885 80.88666534 0.896054447 11735 0.594141603 "Osmancik"
13888 481.7479858 205.7463226 87.00279999 0.906192958 14178 0.585102797 "Cammeo"
11977 442.3640137 185.2654114 83.16057587 0.893595755 12186 0.681750894 "Osmancik"
16005 518.8930054 221.2155304 93.13295746 0.90705806 16343 0.551041484 "Cammeo"
16454 518.1090088 217.098526 97.78069305 0.892827988 16893 0.797189951 "Cammeo"
14306 482.2479858 197.685791 94.05610657 0.879561126 14667 0.587950051 "Cammeo"
9842 395.572998 159.4990082 80.37096405 0.863764107 10102 0.616666675 "Osmancik"
11906 433.8559875 174.2997894 88.25260925 0.862341821 12179 0.620847881 "Osmancik"
12110 458.0759888 192.4991455 81.79428101 0.9052369 12562 0.708684444 "Cammeo"
12743 449.230011 180.9447632 90.80771637 0.864952803 13044 0.619373977 "Osmancik"
16006 528.1760254 222.6719055 93.09613037 0.908407211 16466 0.611850142 "Cammeo"
13385 460.8250122 192.6461487 89.71348572 0.884947598 13595 0.612754047 "Cammeo"
11447 419.6199951 163.9205322 91.27414703 0.830633521 11831 0.732983291 "Osmancik"
11525 433.7810059 184.4233398 80.16662598 0.900581062 11697 0.612706006 "Osmancik"
10519 406.756012 169.019043 80.37228394 0.87970376 10684 0.605444908 "Osmancik"
15232 508.8169861 216.7629089 90.63308716 0.908391416 15603 0.590822697 "Cammeo"
11764 428.5610046 171.5862732 88.72550201 0.855931163 12125 0.6880337 "Osmancik"
10921 425.0119934 175.6383209 80.60688019 0.888468921 11271 0.770440936 "Osmancik"
12061 432.6889954 174.2027893 90.06542969 0.855976403 12378 0.628013551 "Osmancik"
11588 428.7279968 172.8825836 86.25784302 0.86663717 11777 0.610055268 "Osmancik"
11422 425.1289978 176.6568604 82.95215607 0.882897079 11608 0.650900364 "Osmancik"
13006 486.7070007 213.1280518 78.45640564 0.929778814 13399 0.622445583 "Cammeo"
14229 485.118988 206.5976868 88.72132874 0.903095365 14455 0.745168865 "Cammeo"
13154 451.5620117 179.953598 94.31381226 0.851656258 13428 0.650222421 "Osmancik"
14057 483.480011 201.5748138 89.90643311 0.895022869 14388 0.567272007 "Cammeo"
17250 528.098999 220.7989349 101.2491608 0.888664365 17570 0.839661241 "Cammeo"
12483 451.8139954 189.8994293 84.86184692 0.894594967 12686 0.595705092 "Cammeo"
15136 518.6439819 221.7091064 88.20763397 0.917449176 15469 0.529712319 "Cammeo"
11422 419.9070129 168.0318909 88.29070282 0.850830555 11687 0.618073583 "Osmancik"
12736 447.8699951 182.7711792 89.68170929 0.871341288 12964 0.752718687 "Cammeo"
11589 449.3609924 196.646698 75.979599 0.922341287 11783 0.562928081 "Cammeo"
10608 404.6929932 161.5894012 85.35478973 0.849107444 10895 0.708475232 "Osmancik"
15371 497.6650085 212.7489319 92.46556854 0.900612533 15587 0.812077343 "Cammeo"
11080 424.7690125 175.1816864 81.33550262 0.885682046 11337 0.582912445 "Osmancik"
11366 423.1149902 171.9066467 85.57929993 0.86727792 11599 0.611404002 "Osmancik"
11783 429.394989 172.8370056 88.30605316 0.859627664 12031 0.733914673 "Osmancik"
14345 491.0190125 207.2198334 88.91106415 0.903272986 14650 0.592621684 "Cammeo"
10759 401.927002 158.9398651 87.47952271 0.834905148 10955 0.619222999 "Osmancik"
14124 486.5910034 202.9608307 89.87580109 0.896608889 14576 0.702721536 "Cammeo"
11915 433.2839966 178.5229034 86.50725555 0.87475121 12101 0.626314104 "Osmancik"
11359 441.3659973 185.1977081 78.98223114 0.904499233 11755 0.580725968 "Cammeo"
11201 423.2810059 175.0401611 83.43683624 0.879080951 11386 0.592645526 "Osmancik"
14378 491.480011 202.7118835 91.38580322 0.892616808 14805 0.640217304 "Cammeo"
11377 452.4079895 201.3062592 72.28141785 0.933313727 11555 0.525545061 "Cammeo"
15977 516.2089844 216.757843 94.92934418 0.898998737 16401 0.627508759 "Cammeo"
14960 510.7290039 218.369873 88.05952454 0.915086091 15235 0.578275979 "Cammeo"
15241 511.0610046 215.3691711 91.2743454 0.905753851 15604 0.543234944 "Cammeo"
16291 523.1929932 223.2523346 93.60415649 0.907859206 16595 0.581157267 "Cammeo"
16990 535.3389893 224.0871735 98.6626358 0.897857189 17371 0.600905418 "Cammeo"
16053 523.8400269 220.9137726 93.89167786 0.905186296 16496 0.747973144 "Cammeo"
12378 454.0620117 195.4721375 81.28996277 0.90942651 12570 0.556564748 "Osmancik"
11987 440.7839966 180.0477448 86.14134979 0.87812233 12299 0.687959135 "Osmancik"
12053 440.9779968 180.0957489 86.7628479 0.876303434 12351 0.59048599 "Osmancik"
15856 509.019989 210.1643829 97.76021576 0.88522625 16160 0.762674391 "Cammeo"
11483 429.552002 173.8620453 85.40531921 0.871032953 11770 0.772329807 "Osmancik"
9778 395.2000122 168.146759 74.49897766 0.896492302 9956 0.620588958 "Osmancik"
12461 454.0960083 191.9145203 83.66120148 0.899980783 12683 0.561508656 "Cammeo"
12971 458.0350037 192.3374634 86.7547226 0.892496288 13248 0.777451456 "Cammeo"
13677 485.5289917 207.3946075 85.1431427 0.911843956 13874 0.585663497 "Cammeo"
12412 456.5799866 191.5716248 83.44985962 0.900137126 12779 0.649502873 "Cammeo"
16523 531.8920288 224.9954224 94.41770172 0.907689333 16911 0.577041268 "Cammeo"
14601 476.2260132 192.6065369 97.93213654 0.861087382 14815 0.627837956 "Cammeo"
9544 386.5629883 161.7483063 75.56025696 0.884179592 9664 0.811150789 "Osmancik"
14957 505.1170044 213.0456238 90.70896912 0.904830217 15347 0.65411526 "Cammeo"
11359 422.8469849 171.2399902 85.91520691 0.865027785 11665 0.659639955 "Osmancik"
13111 457.0180054 188.3343353 90.13023376 0.878052115 13323 0.77944237 "Osmancik"
11661 418.0150146 168.9551392 88.93134308 0.85026139 11819 0.789291978 "Osmancik"
10572 412.2520142 163.6511841 84.48179626 0.856449485 10911 0.662198544 "Osmancik"
11140 414.3649902 170.6498108 83.77877045 0.871193528 11280 0.60774684 "Osmancik"
12181 430.9490051 177.6576233 87.49514771 0.870316386 12353 0.756583869 "Osmancik"
12583 451.8190002 180.2173309 90.56421661 0.864561021 12901 0.607845008 "Osmancik"
11335 426.5840149 172.746994 85.12076569 0.870171964 11618 0.666764677 "Osmancik"
14463 480.4899902 201.9342194 91.94389343 0.890329897 14698 0.675115526 "Cammeo"
11625 437.3599854 186.7081451 79.72377777 0.904253125 11830 0.721870363 "Cammeo"
15556 510.5100098 217.1022339 92.77321625 0.904098094 15781 0.607418954 "Cammeo"
13654 477.9299927 199.3771515 87.67783356 0.898115993 13914 0.575753748 "Cammeo"
15613 509.7609863 210.2780762 96.02433014 0.889644384 15975 0.572596908 "Cammeo"
12318 442.5870056 189.5644379 83.20392609 0.898525357 12495 0.651746035 "Osmancik"
12027 445.2019958 178.7362518 87.69733429 0.871355474 12455 0.611874223 "Osmancik"
11682 437.0400085 176.2309875 86.32249451 0.871820271 11969 0.581194043 "Osmancik"
12226 436.2229919 178.544754 87.98953247 0.870134115 12400 0.613385499 "Osmancik"
12005 440.2650146 180.6821136 85.73722839 0.880244851 12319 0.603023887 "Osmancik"
12503 446.3110046 177.3373718 91.1587677 0.857765317 12777 0.629366755 "Osmancik"
12233 425.1809998 170.946106 92.01290894 0.842780828 12388 0.642759562 "Osmancik"
17082 548.4459839 230.1887207 95.75758362 0.909366429 17576 0.592466712 "Cammeo"
9070 375.0939941 156.9848938 74.22942352 0.881145954 9233 0.737398386 "Osmancik"
11917 437.3039856 179.5764771 85.64931488 0.878929496 12192 0.639358342 "Osmancik"
11910 434.7380066 178.3672791 86.3225174 0.87509048 12118 0.791625142 "Osmancik"
11290 427.5899963 180.1384125 80.42607117 0.894799471 11427 0.57251519 "Osmancik"
11861 438.644989 177.9155121 86.46606445 0.873961508 12150 0.589395761 "Osmancik"
12780 448.6610107 181.9351654 90.70710754 0.866850436 13038 0.607356727 "Osmancik"
15522 507.2420044 213.6819305 94.90153503 0.895964742 15782 0.77890408 "Cammeo"
13147 468.9200134 199.2277527 84.48080444 0.905642807 13431 0.68473959 "Cammeo"
9817 407.7460022 170.0886536 74.70610809 0.89838022 10032 0.583061099 "Osmancik"
14212 484.9460144 205.0032349 89.6155014 0.899392545 14502 0.752196491 "Cammeo"
14824 513.21698 220.160202 86.80725098 0.918985546 15150 0.568361342 "Cammeo"
14652 499.3359985 212.5039368 88.75134277 0.908609986 15039 0.767924547 "Cammeo"
12440 434.8049927 173.3927917 92.69048309 0.845124602 12716 0.680339098 "Osmancik"
15593 512.4279785 216.6157074 92.91001892 0.903344214 16050 0.777473092 "Cammeo"
12198 442.42099 183.6641846 85.49795532 0.885041356 12391 0.713834286 "Osmancik"
9593 396.0499878 162.5907288 75.99917603 0.884032071 9828 0.744798124 "Osmancik"
12483 440.6159973 176.6435089 91.67730713 0.854776561 12747 0.620581627 "Osmancik"
14138 490.8340149 206.1808472 89.36727905 0.901181817 14523 0.762567401 "Cammeo"
11893 435.2829895 176.6593475 87.10894012 0.869978368 12243 0.772322893 "Osmancik"
10828 410.0690002 166.3771362 84.09659576 0.862851441 11093 0.728520513 "Osmancik"
12340 456.3970032 189.2250671 84.49087524 0.894778669 12624 0.636148036 "Osmancik"
12854 474.1380005 202.1957092 81.74695587 0.914628148 13242 0.643278956 "Cammeo"
9834 401.0050049 164.2058868 77.19506836 0.882607043 10076 0.697248995 "Osmancik"
13790 479.2999878 198.9013214 90.1360321 0.891424298 14190 0.5869084 "Cammeo"
14436 485.8259888 204.4699554 90.74992371 0.896110952 14864 0.614480913 "Cammeo"
13808 466.7780151 190.8078308 93.22654724 0.872514248 14023 0.623695731 "Osmancik"
11511 439.5130005 183.2423401 81.7984848 0.894835949 11736 0.573171318 "Osmancik"
15204 510.4869995 216.316864 90.8539505 0.907522261 15535 0.562111795 "Cammeo"
10541 406.5360107 162.9910736 83.69825745 0.858080983 10901 0.774617851 "Osmancik"
13762 481.769989 205.0407867 86.93547058 0.905666351 14101 0.755489707 "Cammeo"
10846 418.8519897 172.2067719 81.69290161 0.880315602 11069 0.682739496 "Osmancik"
10694 405.677002 163.3674774 84.68367004 0.855160654 10891 0.750140309 "Osmancik"
15074 497.178009 205.6398163 94.62220001 0.887848675 15536 0.721105993 "Cammeo"
13434 455.822998 184.1703339 93.38285065 0.861918986 13686 0.635838687 "Cammeo"
11293 424.6239929 178.3634186 81.41404724 0.889748871 11473 0.746102035 "Osmancik"
11449 411.2999878 156.9254913 94.25743103 0.799511433 11696 0.724253535 "Osmancik"
14399 484.0820007 200.1735382 92.85159302 0.885910869 14849 0.604796708 "Cammeo"
12683 448.6369934 186.1575623 87.55859375 0.882481694 12847 0.590951443 "Osmancik"
15583 504.1830139 207.8468323 96.91175842 0.884644985 15906 0.685388803 "Cammeo"
12452 445.07901 179.0261383 89.89112854 0.864802718 12710 0.617965281 "Osmancik"
13916 478.8779907 201.639679 88.56097412 0.898387313 14221 0.603993058 "Cammeo"
10983 417.7099915 171.8403473 82.69300842 0.876599848 11229 0.774814844 "Osmancik"
10640 411.8800049 169.3904724 81.02848053 0.87816751 10901 0.660869539 "Osmancik"
11884 434.8399963 172.1260834 89.20809174 0.855215967 12184 0.629582524 "Osmancik"
10756 420.0859985 170.637085 81.58211517 0.878303766 10957 0.594977319 "Osmancik"
14805 499.6369934 214.2824402 89.17408752 0.909295022 15090 0.576788247 "Cammeo"
12193 436.2850037 182.6272888 85.2556076 0.884347916 12336 0.68308121 "Osmancik"
11500 424.3989868 171.8174438 86.84950256 0.86284101 11838 0.786593735 "Osmancik"
10318 413.2109985 173.160965 76.91556549 0.895934939 10614 0.681956351 "Osmancik"
11940 443.9679871 187.3336182 82.18278503 0.898634791 12184 0.636392713 "Cammeo"
11630 425.5169983 173.0964203 87.19287109 0.863864481 11766 0.781691074 "Osmancik"
10627 411.4410095 172.2612762 79.84104919 0.886103153 10800 0.802401066 "Osmancik"
13091 473.1520081 203.8627014 82.55069733 0.914346457 13451 0.75235635 "Cammeo"
11955 454.0859985 196.8355255 78.12479401 0.91786015 12127 0.558123231 "Osmancik"
11846 445.8909912 192.9521942 78.47179413 0.913566053 12010 0.577966452 "Cammeo"
13650 491.0239868 210.6749725 83.69099426 0.917709708 14011 0.538589001 "Cammeo"
14132 482.368988 205.2006683 88.29636383 0.902689397 14341 0.586098194 "Cammeo"
13158 470.9960022 201.0183868 84.50301361 0.907350659 13462 0.619783342 "Cammeo"
14645 485.1130066 201.1537781 93.58039856 0.88519603 14889 0.646407127 "Cammeo"
13923 462.7000122 189.5257111 94.52521515 0.866748095 14186 0.729946554 "Osmancik"
14340 499.0960083 207.2510834 89.85896301 0.901117325 14863 0.663152039 "Cammeo"
14440 498.118988 210.2735291 88.98815155 0.906035423 14918 0.776302338 "Cammeo"
11568 429.072998 178.3329773 83.63752747 0.883200049 11790 0.751217604 "Osmancik"
10736 417.394989 178.9036713 76.73338318 0.903347731 10901 0.743387341 "Osmancik"
13930 484.8619995 205.2724609 87.23548889 0.905205488 14330 0.799426138 "Cammeo"
11149 411.3089905 164.672287 87.50299072 0.847135723 11393 0.75921005 "Osmancik"
15307 489.4710083 197.202652 100.132988 0.861494482 15628 0.679103792 "Cammeo"
11961 445.053009 182.4438934 85.08979034 0.884579837 12370 0.612254322 "Osmancik"
10032 403.0960083 165.6066132 78.48327637 0.880571187 10307 0.745984554 "Osmancik"
10989 431.1239929 180.4800415 78.81407928 0.899611354 11268 0.685955048 "Osmancik"
10085 412.1350098 172.9621124 75.26065826 0.900368571 10351 0.698310494 "Osmancik"
13620 479.8770142 203.39711 86.37573242 0.905350327 13987 0.635765314 "Cammeo"
12574 466.519989 197.8632355 81.88799286 0.910339832 12902 0.661789477 "Osmancik"
12692 448.0610046 182.1931763 90.43366241 0.868115962 12999 0.735086322 "Osmancik"
12792 462.072998 194.4810028 84.73088837 0.900103092 13032 0.593927026 "Cammeo"
13237 478.0109863 199.6892395 85.27763367 0.904227197 13627 0.558523178 "Cammeo"
9763 404.1459961 169.1858521 74.55428314 0.89767164 10047 0.708696306 "Osmancik"
10442 407.2820129 166.1415253 81.03927612 0.87297076 10668 0.656234264 "Osmancik"
11232 427.4299927 180.4371948 80.56560516 0.894782543 11424 0.598784506 "Osmancik"
12638 454.5610046 187.5693665 86.98496246 0.885967016 12902 0.768594563 "Osmancik"
12609 475.3599854 202.7544098 81.27371979 0.91614455 13210 0.706941009 "Cammeo"
11201 416.5350037 171.0029907 84.2417984 0.870236874 11384 0.757643402 "Osmancik"
14753 495.2600098 203.7247009 93.18321991 0.889262199 15153 0.634646833 "Osmancik"
14434 477.618988 200.3898773 92.38155365 0.887395442 14660 0.783434629 "Cammeo"
17437 536.8989868 230.2574615 97.31147766 0.906306863 17650 0.759153664 "Cammeo"
11114 413.07901 170.099411 84.00698853 0.869535744 11293 0.76039958 "Osmancik"
11715 429.1659851 171.0996399 89.10729218 0.85368371 12066 0.649534285 "Osmancik"
13084 473.7669983 195.8382416 86.37992859 0.897468805 13453 0.588044941 "Cammeo"
16253 525.4819946 218.5275574 95.91184235 0.898535728 16690 0.567968965 "Cammeo"
10267 424.9490051 182.4091187 72.53786469 0.917530358 10455 0.547427356 "Osmancik"
13662 476.3529968 204.1856537 85.61482239 0.907848239 13894 0.674167275 "Cammeo"
14633 495.0939941 208.7805328 90.25591278 0.901729643 14978 0.643604875 "Cammeo"
12067 438.8819885 177.9776459 87.7378006 0.870045781 12423 0.667311847 "Osmancik"
12062 432.6239929 175.8968048 88.78304291 0.863268495 12318 0.615910947 "Osmancik"
9630 396.8930054 163.8465424 75.77573395 0.88662976 9935 0.725150585 "Osmancik"
12981 449.6170044 177.6229553 94.24237061 0.847637713 13389 0.651460409 "Osmancik"
12084 434.6740112 177.5254211 88.0461731 0.868343234 12321 0.627218962 "Osmancik"
13884 491.6180115 207.6543732 86.3434906 0.909454346 14232 0.542364955 "Cammeo"
10696 409.2690125 166.3798828 82.35617828 0.868899345 10883 0.613091826 "Osmancik"
13362 460.0700073 186.353241 92.15919495 0.869154692 13612 0.741015971 "Osmancik"
16570 519.1229858 221.0144806 96.22779083 0.900241315 16757 0.592335761 "Cammeo"
13782 457.4920044 180.9152832 97.97387695 0.84067136 14147 0.655256033 "Osmancik"
13858 482.5799866 205.0201569 86.9646759 0.905579686 14154 0.555921078 "Cammeo"
13677 467.2479858 191.011795 91.82099152 0.876880467 13901 0.65502876 "Osmancik"
12450 456.2210083 191.142868 84.21341705 0.897714138 12740 0.572150707 "Cammeo"
11350 445.9110107 187.8549194 78.40882111 0.908727348 11771 0.670566022 "Osmancik"
10926 416.2229919 173.4199829 80.86934662 0.88461566 11113 0.632364869 "Osmancik"
14005 485.4559937 207.1338501 86.87551117 0.907793581 14212 0.563808382 "Cammeo"
12671 448.8380127 180.4714355 90.69844055 0.86454004 12963 0.661601901 "Osmancik"
11756 438.7749939 184.1353455 82.26663971 0.894647539 11969 0.656759799 "Osmancik"
11077 417.321991 175.9575806 80.57662964 0.888987184 11246 0.671333313 "Osmancik"
14196 499.230011 210.1801147 87.10346985 0.910084367 14509 0.618858695 "Cammeo"
12192 442.5299988 179.9447937 87.39317322 0.874144137 12483 0.625423193 "Osmancik"
16091 508.8309937 209.1838837 99.23175812 0.880322516 16431 0.670458317 "Cammeo"
10554 406.9190063 165.5313873 82.37078857 0.867398381 10841 0.640218377 "Osmancik"
11447 436.868988 180.4373169 82.31012726 0.889892578 11733 0.572579026 "Osmancik"
13425 477.197998 199.7563629 86.64096832 0.901041329 13784 0.611673057 "Cammeo"
12031 446.9899902 178.5896454 88.8414917 0.867486 12425 0.580450594 "Osmancik"
14713 493.2120056 206.9161224 91.64846802 0.896558344 15162 0.594032645 "Cammeo"
12076 452.5429993 188.3591614 82.79437256 0.898215294 12367 0.705868602 "Osmancik"
13969 486.5090027 206.0285797 87.72612762 0.90481925 14277 0.652756989 "Cammeo"
11343 420.723999 173.5066528 83.82770538 0.875544071 11512 0.609838724 "Osmancik"
14166 483.7049866 204.6273193 88.99236298 0.900478899 14412 0.766061008 "Cammeo"
12153 451.2109985 187.7691956 83.64883423 0.89528811 12497 0.706487596 "Cammeo"
13201 461.5190125 192.8850861 87.83331299 0.890304327 13408 0.634907663 "Cammeo"
13523 468.1669922 195.401535 88.65399933 0.891153634 13811 0.667934418 "Cammeo"
14693 484.5629883 199.6199951 94.80760956 0.880017936 15034 0.609162509 "Cammeo"
13582 476.6659851 199.451889 88.40869904 0.896393955 13825 0.568998754 "Cammeo"
13217 471.7510071 194.1313171 88.09217834 0.891115665 13520 0.572090209 "Osmancik"
11329 414.6170044 168.9134979 86.12175751 0.860259056 11540 0.784122348 "Osmancik"
13450 470.9760132 200.6081696 85.92671967 0.903621852 13728 0.563752174 "Cammeo"
11774 447.9330139 186.0179291 81.6740036 0.898455203 12103 0.560026646 "Cammeo"
11264 423.3909912 172.1395111 84.22161102 0.872135878 11476 0.732427359 "Osmancik"
12396 460.0020142 195.3233032 81.92961121 0.907775462 12676 0.73305738 "Cammeo"
12068 450.1459961 187.2999268 83.14625549 0.896066248 12426 0.650075436 "Cammeo"
16104 507.4289856 206.0707397 100.7536316 0.872324467 16457 0.605413556 "Cammeo"
12110 448.8399963 191.8042755 80.65459442 0.907290399 12313 0.617857158 "Osmancik"
12653 461.6199951 195.8938599 83.4992981 0.904606521 12973 0.576498985 "Cammeo"
15252 501.3320007 207.5240479 94.27309418 0.890861213 15595 0.59171325 "Cammeo"
15586 505.8770142 218.5732117 91.24372101 0.908699214 15814 0.823784351 "Cammeo"
14541 492.7850037 204.2571411 92.47101593 0.891653419 14893 0.758291602 "Cammeo"
13742 484.3420105 195.2849426 91.24281311 0.88413626 14224 0.672407866 "Osmancik"
10788 402.3349915 160.8686371 86.55402374 0.842918277 10961 0.76234895 "Osmancik"
14362 479.9309998 202.702652 90.70674896 0.894290566 14606 0.591466904 "Cammeo"
15231 525.5789795 229.7498779 85.09378815 0.928882003 15617 0.572895527 "Cammeo"
11883 448.2160034 191.7463531 79.46400452 0.910084605 12103 0.550317228 "Cammeo"
12714 461.8900146 196.560318 83.11239624 0.906207144 12900 0.641408563 "Cammeo"
14824 499.0750122 212.4864197 89.89486694 0.906100869 15141 0.579198241 "Cammeo"
15418 504.7590027 209.923996 94.43704987 0.893097579 15779 0.582690835 "Cammeo"
12734 462.2330017 188.1563721 87.74284363 0.884611189 13069 0.585202217 "Osmancik"
12840 466.9030151 198.1559753 83.23425293 0.907503664 13091 0.591378033 "Cammeo"
18913 541.7459717 227.1354828 106.9483566 0.88220948 19099 0.804124177 "Cammeo"
14101 464.9660034 186.4838409 97.53321075 0.852325559 14346 0.678977251 "Osmancik"
13130 463.2780151 184.3139648 91.93473816 0.866720438 13485 0.710382521 "Osmancik"
10566 405.302002 164.9469757 82.92601776 0.864435613 10834 0.604013026 "Osmancik"
15611 506.5469971 215.2007294 93.39228821 0.900923669 15806 0.73218894 "Cammeo"
11757 441.2420044 182.5958557 82.91639709 0.890951812 11967 0.601719618 "Osmancik"
13024 469.6470032 193.9221497 87.51404572 0.892380178 13422 0.539564192 "Osmancik"
10595 407.2669983 166.1306305 82.56895447 0.867743552 10849 0.6427055 "Osmancik"
11017 416.9320068 168.3686829 84.20006561 0.865971446 11303 0.736824512 "Osmancik"
10866 404.3580017 163.9323578 85.32536316 0.853866994 11039 0.628673911 "Osmancik"
14204 482.1700134 201.0738831 91.0908432 0.89149946 14523 0.616011798 "Cammeo"
12418 453.04599 187.8212128 85.17218781 0.891269088 12719 0.77997613 "Osmancik"
10443 404.9849854 165.2056122 81.70278168 0.869147956 10701 0.61895448 "Osmancik"
11063 418.7749939 171.6537781 83.65955353 0.873193443 11318 0.803413212 "Osmancik"
11074 421.3070068 173.0513153 82.40327454 0.879348755 11326 0.7045874 "Osmancik"
9405 389.7749939 162.3682251 74.4376297 0.888720453 9594 0.607636631 "Osmancik"
12992 458.8940125 183.4208221 92.05143738 0.864949286 13372 0.775919735 "Osmancik"
11180 427.7080078 174.7035217 82.88113403 0.880303919 11518 0.721942425 "Osmancik"
13394 480.571991 205.4011688 83.80127716 0.912987173 13699 0.650194168 "Cammeo"
14243 481.322998 198.6628876 92.82254028 0.884132385 14592 0.794499934 "Cammeo"
14318 477.493988 195.0235596 94.59472656 0.874490559 14585 0.760867238 "Cammeo"
13652 486.6279907 210.3452301 83.2991333 0.918245554 13950 0.579801261 "Cammeo"
12244 455.2749939 192.5073853 81.42861938 0.906134546 12480 0.575240791 "Cammeo"
13424 481.1749878 195.9000244 89.30523682 0.890045583 13950 0.658555746 "Cammeo"
13524 487.4689941 208.1534271 83.61426544 0.915773332 13830 0.637924552 "Cammeo"
15228 505.2650146 209.6252747 93.5268631 0.894952178 15501 0.739223301 "Cammeo"
13410 477.0849915 195.7989349 88.77674866 0.891303241 13842 0.572343171 "Cammeo"
11889 426.6470032 172.2679901 89.44281006 0.854648292 12162 0.611574054 "Osmancik"
11973 438.1480103 178.0887756 87.27424622 0.871688485 12367 0.627121329 "Osmancik"
13548 479.7489929 203.2718811 85.60246277 0.907003522 13850 0.554427922 "Cammeo"
12723 465.9419861 197.7523193 83.90299988 0.905529559 12974 0.683150768 "Cammeo"
15454 500.8970032 208.5415955 95.32327271 0.889418006 15773 0.583433986 "Cammeo"
12292 447.4859924 181.3567047 87.98662567 0.874426603 12535 0.593873799 "Osmancik"
10173 406.9660034 174.5035858 74.86865234 0.903286517 10342 0.762708068 "Osmancik"
12942 441.743988 175.5592499 95.28501129 0.83989346 13310 0.701691628 "Osmancik"
14656 494.3110046 206.0200653 91.73097229 0.895404994 15072 0.615436316 "Cammeo"
14017 474.3099976 198.336731 90.86869049 0.888873041 14320 0.76055342 "Cammeo"
10685 416.7170105 173.2751465 79.70606995 0.88792038 10871 0.706679881 "Osmancik"
12692 465.1719971 193.2073212 85.2905426 0.897287965 13118 0.714800656 "Cammeo"
13919 482.348999 204.2942505 87.65405273 0.90327698 14274 0.748977602 "Cammeo"
13057 445.177002 177.8078156 94.50707245 0.847050488 13348 0.643360436 "Osmancik"
11944 424.5469971 171.6155243 89.76213837 0.852306902 12177 0.627212107 "Osmancik"
14263 489.4460144 205.8117828 89.50908661 0.900475144 14637 0.663179457 "Cammeo"
10496 407.322998 167.9293671 80.18907166 0.878622711 10666 0.703296721 "Osmancik"
11479 421.0750122 171.3476105 85.80913544 0.865568936 11677 0.799095035 "Osmancik"
10634 409.506012 167.4369659 81.81295776 0.872497022 10809 0.683770597 "Osmancik"
11571 432.67099 183.7055969 80.56020355 0.898717105 11741 0.66222173 "Cammeo"
12397 433.3519897 171.6092987 92.98809814 0.840469182 12631 0.634766996 "Osmancik"
16182 509.9219971 211.1650238 98.31332397 0.885008037 16522 0.74812758 "Cammeo"
11780 444.9920044 190.9602814 78.85173798 0.910766304 11956 0.78070116 "Osmancik"
13921 481.9930115 203.44487 88.12581635 0.901313186 14210 0.561330616 "Cammeo"
9723 388.6170044 158.3608246 79.3425827 0.865433335 9949 0.625192881 "Osmancik"
10816 417.7810059 170.9293213 81.66611481 0.87848109 11119 0.589106739 "Osmancik"
15252 502.5910034 211.6311646 92.19615936 0.900118351 15495 0.574463248 "Cammeo"
13814 481.4159851 203.0623474 87.31848145 0.902824938 14112 0.637471139 "Cammeo"
16418 534.9899902 230.1585846 91.78717804 0.917038023 16736 0.646276176 "Cammeo"
12734 466.3059998 198.7256775 82.28808594 0.910241067 13021 0.634953856 "Osmancik"
12491 457.1409912 194.8754578 82.49108887 0.905988812 12721 0.770478666 "Cammeo"
12269 436.0119934 177.8847504 88.84811401 0.8663311 12466 0.745835841 "Osmancik"
11350 445.8210144 195.9520874 74.59088135 0.924715579 11544 0.584298611 "Cammeo"
12495 458.4070129 187.6042023 87.0256958 0.885898411 12993 0.674931109 "Cammeo"
12577 443.1459961 181.5305481 89.81943512 0.869012773 12826 0.605565965 "Osmancik"
12408 454.3909912 191.8965302 83.03347778 0.901538372 12664 0.583905876 "Osmancik"
12163 435.4979858 178.5391541 87.81410217 0.870681167 12443 0.785419106 "Osmancik"
11016 404.3540039 166.7065887 84.50534821 0.861998618 11146 0.763303757 "Osmancik"
9918 398.9549866 161.4676056 79.8935318 0.869009137 10270 0.622091174 "Osmancik"
11115 424.730011 177.7854156 80.54494476 0.891487241 11318 0.734633207 "Osmancik"
9598 397 172.0067902 72.28364563 0.907414317 9766 0.796845138 "Osmancik"
11253 422.8779907 173.4837341 84.12680817 0.874555051 11556 0.752004802 "Osmancik"
12172 452.32901 193.6925354 80.8077774 0.908816457 12430 0.678030312 "Cammeo"
11803 463.8089905 201.6506958 76.42430878 0.925399303 12138 0.549487889 "Cammeo"
14015 475.723999 195.32164 92.48479462 0.88079381 14492 0.748624563 "Cammeo"
10886 409.7380066 166.0792542 84.13433838 0.862186193 11055 0.68037498 "Osmancik"
12422 482.197998 209.213623 76.83703613 0.930115998 12783 0.498075366 "Cammeo"
12172 433.5979919 174.299408 90.69494629 0.853959203 12401 0.638447404 "Osmancik"
11659 429.0830078 171.0142365 87.78890228 0.858183742 12017 0.630898297 "Osmancik"
11178 419.2780151 166.6143036 87.0708847 0.852584481 11507 0.604477584 "Osmancik"
12121 439.8420105 183.4670258 84.7644043 0.886872411 12389 0.648736894 "Osmancik"
11999 465.6579895 194.784256 80.43824005 0.910748839 12364 0.53701216 "Cammeo"
12293 445.6870117 181.8791656 87.02767944 0.878092051 12524 0.776367307 "Osmancik"
10241 411.946991 167.7476807 79.1055069 0.881826282 10486 0.589749515 "Osmancik"
10815 414.0620117 171.3505096 80.88232422 0.881583273 11015 0.727645814 "Osmancik"
11068 423.9729919 172.0155792 82.98536682 0.875934839 11323 0.605304897 "Osmancik"
10727 408.0419922 163.1713562 84.78304291 0.854412615 11017 0.692064524 "Osmancik"
12237 432.3900146 169.6468048 93.41069031 0.83475697 12577 0.704571605 "Osmancik"
12311 441.4060059 174.5828247 90.74132538 0.854311764 12538 0.619265616 "Osmancik"
13130 467.9219971 196.1468048 86.20711517 0.898241103 13462 0.574818313 "Cammeo"
11535 420.8120117 169.730423 87.86319733 0.855584443 11793 0.660199165 "Osmancik"
11377 429.3859863 172.5396423 85.88433838 0.867311478 11746 0.735423386 "Osmancik"
13785 489.9159851 213.3764191 82.78991699 0.921659648 14130 0.796636641 "Cammeo"
12695 464.9679871 197.8196564 82.43714142 0.909030855 12981 0.601944029 "Osmancik"
13039 480.1109924 205.8575745 81.43621063 0.918425083 13288 0.576309383 "Osmancik"
12675 466.1010132 195.8082275 83.40395355 0.904748023 12977 0.580250859 "Osmancik"
8968 390.4909973 166.476944 69.36820984 0.909051597 9150 0.789714694 "Osmancik"
10457 402.0629883 157.9617004 85.70410919 0.840015352 10719 0.67709142 "Osmancik"
11323 420.0580139 169.9767761 86.36136627 0.861311376 11586 0.719194591 "Osmancik"
12800 448.2919922 185.5536804 88.76694489 0.878147721 13000 0.781440794 "Osmancik"
11912 430.3710022 177.4822083 86.5856781 0.872924387 12119 0.722377181 "Osmancik"
9017 378.7909851 155.3697205 74.75442505 0.876644373 9290 0.664088964 "Osmancik"
13443 469.45401 196.6380157 87.97914886 0.894325554 13686 0.572261691 "Osmancik"
11580 428.7090149 173.4880829 86.63918304 0.866374075 11921 0.747772157 "Osmancik"
12994 457.1900024 187.3347931 89.40962982 0.878755689 13335 0.763589323 "Osmancik"
13582 475.8559875 195.6396942 89.2489624 0.889882147 13890 0.721832454 "Cammeo"
11733 436.2600098 182.8892212 82.626091 0.892128289 11955 0.686622202 "Cammeo"
14470 486.2600098 208.3336639 89.34396362 0.903375566 14657 0.576539934 "Cammeo"
12008 433.2340088 184.1274109 83.70603943 0.890690923 12129 0.644033253 "Osmancik"
15558 511.7179871 213.9776001 94.46471405 0.897275925 15926 0.632439017 "Cammeo"
12894 480.0849915 192.8217468 85.92984009 0.895210326 13141 0.622627854 "Osmancik"
12720 443.4549866 183.2023926 89.49655151 0.872557223 12904 0.77655679 "Osmancik"
16254 532.7780151 223.5486298 94.11949921 0.907049179 16680 0.553685784 "Cammeo"
11766 423.9809875 171.2086182 88.1124649 0.857400537 11954 0.639178634 "Osmancik"
13975 482.5889893 203.4164124 88.6671524 0.900000036 14275 0.672651112 "Cammeo"
10584 437.0480042 188.4414215 72.54808807 0.922920704 10936 0.558051229 "Osmancik"
10020 411.6109924 177.4746552 72.4375 0.912911832 10217 0.547421336 "Osmancik"
11271 404.4639893 158.9888306 91.3405838 0.818497956 11462 0.670095146 "Osmancik"
13269 485.6149902 207.1224518 83.32397461 0.915510833 13741 0.714770496 "Cammeo"
10842 434.2730103 179.4348755 79.00735474 0.897844732 11251 0.545784056 "Osmancik"
11986 432.2909851 172.4006348 89.62593842 0.854245305 12279 0.658824801 "Osmancik"
11398 431.7399902 179.4673462 81.84264374 0.889963984 11627 0.594017088 "Osmancik"
9722 373.7529907 145.2644653 87.05447388 0.800537527 9839 0.819108605 "Osmancik"
12006 463.381012 198.9684296 77.81851959 0.920343995 12344 0.535026729 "Cammeo"
10191 403.2189941 168.609024 77.52805328 0.888017476 10352 0.797293067 "Osmancik"
11695 434.1340027 183.0924683 82.14225769 0.893713534 11845 0.798838794 "Osmancik"
12801 459.4240112 195.0993347 84.79960632 0.900600255 13058 0.761601627 "Cammeo"
17948 526.9180298 214.0938263 107.54245 0.864684939 18322 0.666369617 "Cammeo"
11929 439.8959961 177.0054779 87.95028687 0.867819905 12262 0.59171629 "Osmancik"
15557 509.0220032 211.933548 94.75859833 0.894476652 16075 0.643117011 "Cammeo"
12511 448.7590027 183.9769745 87.34287262 0.880121291 12694 0.604775965 "Osmancik"
12901 475.303009 209.585968 79.26891327 0.925717056 13219 0.682809353 "Cammeo"
8850 381.4339905 159.2512054 71.76094818 0.892718494 9063 0.572519064 "Osmancik"
10192 404.1820068 171.1325531 76.47444916 0.89459759 10346 0.610591888 "Osmancik"
12219 436.2059937 179.4359131 87.93396759 0.871689975 12434 0.603407383 "Osmancik"
11248 420.2900085 171.2231293 84.84221649 0.868604064 11521 0.715658188 "Osmancik"
16413 510.1099854 210.5551147 100.1218948 0.879708171 16665 0.599890351 "Cammeo"
12181 434.8129883 179.2253113 86.98540497 0.874324918 12387 0.728006244 "Osmancik"
14403 491.0599976 207.6805725 89.8433609 0.901584208 14708 0.59689182 "Cammeo"
12345 448.7690125 180.5204926 88.84284973 0.870511413 12676 0.594997108 "Osmancik"
14153 480.321991 196.9782715 92.79872894 0.882073641 14555 0.772122204 "Osmancik"
12091 463.3510132 203.5943909 76.65410614 0.926414967 12298 0.793060482 "Cammeo"
12347 452.2900085 186.8960419 85.22989655 0.889965236 12659 0.605245113 "Osmancik"
11090 416.0140076 174.9094391 81.36546326 0.885212839 11277 0.741706789 "Osmancik"
12225 436.4840088 172.7252197 91.47328186 0.848254681 12537 0.646107495 "Osmancik"
10590 412.5069885 173.7112427 78.52342224 0.892000616 10743 0.783921838 "Osmancik"
12333 463.1549988 196.5994415 81.60153198 0.909791827 12705 0.592021883 "Cammeo"
13818 475.0169983 198.4992065 89.09570313 0.893608809 14008 0.5960145 "Cammeo"
11355 428.9920044 172.2812653 85.36949158 0.868594289 11690 0.614248633 "Osmancik"
15764 513.8439941 212.1650696 95.95990753 0.891871452 16258 0.60470289 "Cammeo"
14352 484.0840149 203.4968567 91.2685318 0.893782377 14656 0.56805855 "Cammeo"
11940 423.6749878 168.6340179 91.36426544 0.840513706 12191 0.663997352 "Osmancik"
16582 532.3579712 223.3588409 95.74971771 0.903455853 17089 0.714310348 "Cammeo"
10941 423.4079895 172.8510895 81.42478943 0.88209635 11248 0.629516661 "Osmancik"
9772 392.2369995 164.4033508 76.18343353 0.886152685 9971 0.783389449 "Osmancik"
11023 416.8919983 163.019165 88.59201813 0.839444518 11343 0.710702777 "Osmancik"
12459 434.2879944 175.2012482 91.26869965 0.853595555 12651 0.636832952 "Osmancik"
12182 433.8370056 180.6137238 86.60643768 0.877535343 12341 0.777905464 "Osmancik"
12868 454.8590088 191.5861511 86.5089035 0.892250657 13082 0.786744952 "Osmancik"
11539 423.6910095 172.5359192 86.05995941 0.866720319 11767 0.641697228 "Osmancik"
12263 438.1380005 175.740448 90.18716431 0.858278692 12634 0.718310714 "Osmancik"
11715 439.7030029 183.2227325 82.48322296 0.892937779 11948 0.604489148 "Osmancik"
12714 434.1180115 169.2552185 96.89130402 0.819934905 12993 0.741946757 "Osmancik"
10360 427.3320007 187.5741882 70.72579193 0.926190853 10525 0.543233156 "Osmancik"
9858 388.6669922 155.1244812 81.84178162 0.849500537 10101 0.656543434 "Osmancik"
10286 401.7890015 159.0746613 83.59862518 0.850774586 10524 0.770140767 "Osmancik"
11042 411.6229858 168.3597412 84.19003296 0.86599052 11217 0.7918818 "Osmancik"
12892 482.6300049 204.5977631 82.35201263 0.915416956 13376 0.651242673 "Cammeo"
13028 467.2770081 194.7333679 87.140625 0.894290507 13304 0.56621325 "Osmancik"
15366 508.7929993 211.3726501 93.96780396 0.895749152 15746 0.564594328 "Cammeo"
11723 427.625 175.9842224 85.70833588 0.873389244 11916 0.802066207 "Osmancik"
10513 410.0350037 165.656601 82.55253601 0.866984367 10789 0.725534856 "Osmancik"
10913 427.6180115 170.7232971 83.1588974 0.87334758 11311 0.625709534 "Osmancik"
12343 443.6130066 177.4236298 90.40623474 0.860440969 12712 0.662960589 "Osmancik"
15249 506.0499878 212.0909424 92.49422455 0.899895132 15582 0.78304404 "Cammeo"
11670 434.0859985 172.9773407 87.95358276 0.861080408 12102 0.666476309 "Osmancik"
12525 455.1809998 183.669342 88.2543335 0.876991093 12911 0.709470928 "Osmancik"
13848 492.9100037 207.0145721 86.98444366 0.907438397 14383 0.668791652 "Cammeo"
10683 408.2820129 170.3451691 80.44705963 0.881459773 10845 0.688337624 "Osmancik"
10168 400.4779968 162.562973 81.08890533 0.866708279 10424 0.623727143 "Osmancik"
11394 416.1629944 167.2689819 88.10797119 0.850023866 11543 0.784224629 "Osmancik"
12262 443.1669922 190.6796417 82.1251297 0.902496636 12404 0.61816901 "Osmancik"
15319 506.0249939 208.2277527 94.83874512 0.890257895 15813 0.573702335 "Cammeo"
12045 452.3089905 193.5135193 80.27761841 0.909893274 12368 0.55242157 "Cammeo"
11185 414.1809998 170.0182495 84.11061096 0.869055152 11370 0.622080088 "Osmancik"
11746 431.8269958 174.5800629 87.34896088 0.865830421 12096 0.718849421 "Osmancik"
14143 483.8649902 200.8781281 90.59234619 0.892533243 14427 0.597658873 "Cammeo"
13399 490.5599976 209.3659515 82.76702118 0.918542504 13654 0.517096341 "Cammeo"
15094 513.9240112 224.7196503 86.43656158 0.923065901 15292 0.79417026 "Cammeo"
12093 432.8280029 176.8203125 88.09726715 0.867044628 12351 0.705131173 "Osmancik"
16386 515.0969849 208.953125 100.7425766 0.876099646 16813 0.607563972 "Cammeo"
12249 456.2489929 188.5509186 84.3818512 0.894269824 12578 0.653419375 "Osmancik"
16412 508.3670044 210.5748596 99.99417877 0.880059838 16759 0.730591178 "Cammeo"
14368 491.5629883 211.2970734 87.20801544 0.910854757 14596 0.62442416 "Cammeo"
9359 395.9880066 168.2939453 71.10741425 0.90635401 9555 0.575159788 "Osmancik"
13683 461.5679932 189.2453308 93.11316681 0.870581865 13944 0.626510978 "Osmancik"
10427 398.6919861 161.2167969 83.80955505 0.854253769 10639 0.628435373 "Osmancik"
10878 423.7929993 179.8469391 77.79789734 0.901596367 11015 0.580160022 "Osmancik"
12249 440.3859863 178.5881042 88.66049957 0.868063927 12538 0.77319783 "Osmancik"
11227 427.8110046 179.5554352 80.3201828 0.89436996 11430 0.592704058 "Osmancik"
11353 418.5050049 166.9860077 87.75209045 0.850790083 11587 0.641412437 "Osmancik"
14831 493.7609863 208.2685394 91.54232025 0.898223102 15099 0.790228069 "Cammeo"
10561 417.9330139 172.8907166 79.52290344 0.887939394 10804 0.647914112 "Osmancik"
13434 483.3649902 204.5680237 84.15599823 0.911462128 13773 0.722258091 "Cammeo"
14729 496.9389954 209.5204163 90.88716125 0.901015639 15131 0.612076104 "Cammeo"
13183 462.7319946 190.4266968 89.31358337 0.883188546 13493 0.688119829 "Osmancik"
10858 412.2170105 166.962326 84.06575012 0.863994479 11171 0.792901993 "Osmancik"
16453 523.8740234 222.3121948 96.1785202 0.901572466 16803 0.754724741 "Cammeo"
13681 478.5379944 202.7610779 87.02304077 0.903214216 14015 0.641938806 "Cammeo"
11337 427.9530029 174.9444427 83.92398071 0.87742275 11617 0.595336854 "Osmancik"
12190 440.6820068 185.8561859 83.88790131 0.892342329 12349 0.583980083 "Osmancik"
11735 453.5180054 194.1048431 78.01987457 0.915662885 11956 0.71533072 "Cammeo"
11674 425.071991 175.7572327 85.50615692 0.873679757 11865 0.644047201 "Osmancik"
10727 420.3649902 174.3845215 79.60275269 0.889734507 11009 0.670605123 "Osmancik"
13263 480.1910095 205.5758667 83.13744354 0.914576709 13517 0.680572689 "Cammeo"
12796 471.2090149 203.9296265 80.33000946 0.919148862 13022 0.684058607 "Cammeo"
14143 481.9079895 199.9907227 91.09355927 0.890241444 14450 0.584228337 "Cammeo"
11036 435.4989929 186.0784149 76.30805969 0.912047088 11305 0.597574174 "Osmancik"
14283 482.697998 202.3656311 90.6138916 0.894147217 14595 0.636497319 "Cammeo"
10798 412.0130005 169.9911346 81.77663422 0.876685441 11000 0.648840308 "Osmancik"
12019 439.7250061 180.4368134 85.92943573 0.879320741 12346 0.704018295 "Osmancik"
13982 495.3410034 214.1675568 84.77728271 0.91831708 14298 0.781466603 "Cammeo"
13200 477.8510132 202.5969543 83.68836975 0.910695612 13585 0.641399443 "Cammeo"
13693 479.4790039 200.3972931 88.17446136 0.897998631 14097 0.695252597 "Cammeo"
12712 470.5620117 202.1971436 81.30088043 0.915601373 13053 0.814871788 "Cammeo"
11910 427.2789917 173.2954407 88.56226349 0.859552264 12191 0.773376644 "Osmancik"
11147 417.4620056 169.3327179 84.87739563 0.865304708 11331 0.715468526 "Osmancik"
11678 423.6759949 173.4139404 86.46707153 0.86682266 11839 0.621104121 "Osmancik"
10911 424.5570068 173.7537537 81.32338715 0.883708239 11135 0.649464309 "Osmancik"
11467 448.6830139 192.0872345 77.16972351 0.915752411 11739 0.569788814 "Osmancik"
11145 420.3150024 169.1323395 85.58922577 0.86250484 11364 0.771280289 "Osmancik"
15433 519.5219727 218.3880157 91.67455292 0.907626688 15887 0.779444456 "Cammeo"
15269 496.6889954 210.4518127 92.709198 0.897740543 15474 0.806688488 "Cammeo"
14104 467.8009949 189.4949036 95.6470108 0.863267243 14409 0.789697647 "Osmancik"
15560 502.9660034 213.9631805 93.12080383 0.900324702 15789 0.783681691 "Cammeo"
10389 403.0350037 164.5246277 81.0102005 0.870374978 10664 0.607650459 "Osmancik"
12200 447.2139893 191.1407013 81.57138062 0.904364467 12367 0.569747329 "Osmancik"
12142 443.5150146 177.744751 88.19750977 0.868206441 12459 0.615626454 "Osmancik"
13149 463.3110046 189.8730927 89.23203278 0.882689774 13421 0.787176728 "Osmancik"
12282 430.7609863 173.7422485 90.91860199 0.852151036 12484 0.664394677 "Osmancik"
9371 394.428009 169.184082 70.86470032 0.90805012 9528 0.777999163 "Osmancik"
12084 433.5050049 171.5226135 91.32995605 0.846451402 12356 0.701742172 "Osmancik"
14093 488.5979919 204.3924561 89.15960693 0.89984113 14463 0.581106722 "Cammeo"
14897 491.1849976 205.7198486 92.87569427 0.89228791 15137 0.594453335 "Cammeo"
11122 410.9869995 165.0363159 87.1431427 0.849229395 11379 0.713863909 "Osmancik"
12699 458.0130005 192.5944977 85.20385742 0.896817684 12965 0.590651155 "Cammeo"
10563 408.9729919 167.4709625 81.02894592 0.875157177 10782 0.617358267 "Osmancik"
14019 475.7550049 194.5179291 92.81695557 0.87881428 14308 0.591119945 "Cammeo"
13132 471.8039856 199.5565338 84.98833466 0.904776812 13423 0.753673077 "Cammeo"
11334 433.3890076 178.9897308 82.2980423 0.888026655 11566 0.711577117 "Osmancik"
15603 511.743988 211.1042023 95.43998718 0.891967773 16021 0.580511928 "Cammeo"
17263 520.3029785 215.0044098 103.367218 0.876847923 17565 0.661874115 "Cammeo"
11859 421.8129883 169.9307861 89.38180542 0.850491047 12056 0.701466918 "Osmancik"
12054 439.6589966 184.5761566 84.05713654 0.890283763 12227 0.732276261 "Osmancik"
11956 438.8959961 184.6437073 83.21842194 0.89267683 12121 0.577027023 "Cammeo"
12832 464.526001 196.6111755 83.98688507 0.904170156 13148 0.562905788 "Cammeo"
10725 411.6910095 164.6003418 84.29296875 0.858921707 11009 0.66614908 "Osmancik"
11632 442.4440002 187.0115204 80.88976288 0.901615262 11860 0.794535518 "Osmancik"
8501 371.0249939 153.8962555 71.51190948 0.885480762 8738 0.639846444 "Osmancik"
11165 424.1610107 174.6315308 82.31620789 0.88193512 11467 0.642109513 "Osmancik"
10685 421.0379944 172.4181824 79.99727631 0.885849655 10971 0.586314738 "Osmancik"
10148 408.2279968 168.7253571 77.14332581 0.889357567 10409 0.583251894 "Osmancik"
11835 418.7130127 168.2098236 90.15866089 0.844224811 12025 0.665485859 "Osmancik"
15460 507.0769958 213.5723267 93.55609894 0.898948908 15819 0.582209826 "Cammeo"
12397 446.3190002 184.8002625 86.41623688 0.883929789 12594 0.597849131 "Osmancik"
10231 404.3640137 159.639267 82.99382782 0.854237139 10640 0.629987657 "Osmancik"
13634 491.1799927 209.1335297 83.73373413 0.916347444 14075 0.787910283 "Cammeo"
11433 426.9249878 175.868515 84.19808197 0.877948105 11719 0.607524335 "Osmancik"
12544 437.2690125 175.6720886 91.5243454 0.853559494 12753 0.788137734 "Osmancik"
14730 483.7059937 196.4512634 96.88642883 0.869925559 15006 0.653099239 "Cammeo"
11912 439.6359863 179.9776001 85.30269623 0.880544841 12222 0.603964925 "Osmancik"
16588 519.559021 218.394455 97.66686249 0.894432008 16852 0.640067935 "Cammeo"
13983 481.6589966 198.3904572 90.49814606 0.88989687 14306 0.588015139 "Cammeo"
16500 523.3460083 219.7241364 97.14173126 0.896961987 16880 0.630637527 "Cammeo"
8505 359.1000061 147.7988892 73.8086853 0.866379678 8651 0.677257538 "Osmancik"
11857 433.2000122 177.9076233 86.17068481 0.874870777 12171 0.716694891 "Osmancik"
11658 443.2609863 179.8141937 83.87640381 0.884541512 12024 0.593101323 "Osmancik"
11590 435.8460083 176.9395294 84.80960083 0.877643466 11880 0.72365135 "Osmancik"
14608 504.3059998 210.269928 90.16651917 0.903393149 15125 0.635130405 "Cammeo"
12532 449.7430115 179.2852631 90.64862061 0.862761497 12874 0.602789819 "Osmancik"
10773 414.8919983 159.6753082 88.12444305 0.833911836 11174 0.6328125 "Osmancik"
15292 510.4830017 219.6590271 89.13313293 0.913971007 15511 0.543194115 "Cammeo"
14998 496.9039917 215.9502716 89.39608765 0.910292327 15279 0.824836373 "Cammeo"
9936 398.276001 161.4819336 80.27461243 0.867686331 10216 0.671941578 "Osmancik"
15868 519.5289917 219.1789246 93.26964569 0.904939115 16281 0.571263969 "Cammeo"
14467 498.6239929 213.5956268 86.99999237 0.913289249 14857 0.740757823 "Cammeo"
11445 426.1809998 172.9773712 86.00354004 0.867638648 11734 0.611378193 "Osmancik"
11870 432.2980042 177.3648224 86.7665863 0.872172534 12143 0.77082926 "Osmancik"
13932 462.0220032 187.7802887 95.7806015 0.860134423 14180 0.704918027 "Osmancik"
10260 417 172.9935608 76.90769196 0.895744264 10527 0.588235319 "Osmancik"
11435 424.2430115 175.184967 84.44194794 0.876162469 11660 0.801443815 "Osmancik"
15119 508.3420105 213.379303 91.25335693 0.903940618 15612 0.723778069 "Cammeo"
10502 402.8340149 162.6251373 83.31459808 0.858800173 10798 0.639196575 "Osmancik"
10697 407.8070068 168.2178345 81.61740112 0.874409437 10824 0.600280583 "Osmancik"
12676 431.769989 172.6096497 94.47388458 0.83691895 12872 0.73102653 "Osmancik"
10214 392.2399902 158.9323425 82.07255554 0.856347919 10371 0.664541304 "Osmancik"
8813 387.7210083 164.1777039 68.98608398 0.907435417 9005 0.73736614 "Osmancik"
14205 487.3510132 204.3322449 89.63425446 0.89864862 14637 0.773692787 "Cammeo"
11625 430.4339905 176.3329468 86.15995026 0.872496247 11838 0.596796572 "Osmancik"
14415 490.0660095 206.5392456 90.01753235 0.900025427 14671 0.65332669 "Cammeo"
11611 431.2730103 178.5139465 84.11251831 0.88203615 11775 0.691913486 "Osmancik"
12752 455.3519897 191.7622375 85.68017578 0.894631803 12938 0.572403252 "Osmancik"
14041 481.947998 204.5984802 88.18790436 0.902338028 14284 0.572307825 "Cammeo"
12504 445.5870056 182.3785248 88.63295746 0.873967946 12781 0.79887557 "Osmancik"
12190 445.894989 185.7569427 84.64902496 0.890134573 12386 0.716216207 "Osmancik"
9335 388.8059998 160.1561584 75.16480255 0.883027077 9536 0.623330653 "Osmancik"
10030 414.3840027 181.6005707 70.75994873 0.920964658 10152 0.771894693 "Osmancik"
10657 412.8389893 171.1241608 80.39784241 0.882761359 10879 0.724818051 "Osmancik"
11051 424.9760132 180.8719025 78.26737976 0.901527107 11240 0.568057954 "Osmancik"
14482 486.1629944 201.8145294 92.54988098 0.88864857 14825 0.64255923 "Cammeo"
14855 495.8989868 208.5706177 92.42722321 0.896449506 15191 0.590609074 "Cammeo"
11434 404.7099915 161.0792694 90.86819458 0.825692177 11591 0.802949429 "Osmancik"
9154 383.677002 158.3173676 74.56001282 0.882158399 9346 0.74750942 "Osmancik"
14725 472.9020081 193.1235504 97.71608734 0.862546921 15084 0.634315491 "Cammeo"
10781 414.9549866 169.7361755 82.24104309 0.874778628 11069 0.699338377 "Osmancik"
12181 456.9379883 194.8551636 80.28486633 0.911173344 12489 0.584893882 "Cammeo"
15526 514.3909912 216.9185791 91.82958221 0.905972481 15936 0.580845475 "Cammeo"
13799 454.7409973 184.8682709 95.91585541 0.854875267 13965 0.621800661 "Osmancik"
14816 496.3160095 206.6574249 92.17412567 0.895021141 15194 0.581498504 "Cammeo"
13000 460.3710022 195.0987549 85.72264862 0.898300886 13231 0.582855105 "Cammeo"
12518 460.8540039 188.4377441 86.61429596 0.888103247 12903 0.732560873 "Osmancik"
12752 453.4949951 185.510849 89.1917038 0.876835942 13105 0.683167279 "Osmancik"
14050 481.2510071 191.8238525 95.06197357 0.86856854 14600 0.607698977 "Cammeo"
13235 465.8160095 193.5456238 88.63944244 0.888964057 13629 0.56547749 "Cammeo"
16019 509.0130005 214.7909393 96.12420654 0.894271672 16248 0.657594442 "Cammeo"
12555 444.5799866 184.8253326 87.36722565 0.881222546 12773 0.652207792 "Cammeo"
14316 488.9859924 204.4242706 90.14910126 0.897511899 14731 0.564177334 "Cammeo"
11999 440.6690063 176.7019043 88.94086456 0.86408931 12483 0.646846354 "Osmancik"
11572 418.6289978 164.1232605 90.98297119 0.832278609 11861 0.66163522 "Osmancik"
13334 470.5239868 194.3191986 89.29185486 0.888171971 13738 0.624309421 "Cammeo"
12642 462.8089905 198.4047089 81.74517059 0.91117835 12878 0.605982184 "Osmancik"
17198 520.9920044 209.9702148 105.6705856 0.864132345 17586 0.606160998 "Cammeo"
11428 418.6149902 168.1789856 87.29834747 0.854725659 11589 0.628291845 "Osmancik"
11721 442.3500061 186.2523346 81.25922394 0.899808228 11950 0.577787638 "Osmancik"
11828 437.9070129 184.9572601 82.3454361 0.895424545 12020 0.616426945 "Osmancik"
11759 426.1380005 173.6890717 87.18202209 0.864900708 11941 0.693664491 "Osmancik"
12888 467.197998 199.1564178 83.28892517 0.908351004 13222 0.725839138 "Cammeo"
10961 419.3880005 169.5791473 84.24118042 0.867884457 11323 0.75854671 "Osmancik"
15178 514.7420044 219.332962 89.0112381 0.913949907 15638 0.787567437 "Cammeo"
10589 439.7080078 191.7048798 71.42118073 0.928008914 10817 0.510953486 "Osmancik"
12378 459.9760132 191.2494965 83.99846649 0.898384988 12800 0.565515339 "Osmancik"
12865 460.6659851 193.3482361 85.72440338 0.896339715 13120 0.634556592 "Cammeo"
11438 433.9179993 178.3515625 83.5476532 0.883493364 11767 0.743016779 "Osmancik"
13023 480.447998 205.312088 82.03385162 0.91670841 13444 0.632430077 "Cammeo"
11682 423.3739929 168.3994904 89.37419128 0.847542703 11963 0.715808809 "Osmancik"
10775 414.9979858 165.7289581 84.2712326 0.861068904 11036 0.634458005 "Osmancik"
13415 470.355011 197.0299377 87.65262604 0.895595372 13629 0.582248271 "Cammeo"
11455 405.618988 159.5702667 92.32996368 0.815599859 11639 0.776189208 "Osmancik"
14407 482.79599 202.8323364 91.19192505 0.893233716 14671 0.742628872 "Cammeo"
10841 413.4599915 170.964798 81.67490387 0.878507078 11070 0.654491663 "Osmancik"
11149 416.8909912 167.2921295 86.69961548 0.85522747 11323 0.69089669 "Osmancik"
11220 418.5490112 172.7580261 83.32672119 0.875988543 11380 0.60661763 "Osmancik"
14350 472.0209961 189.9021759 97.03052521 0.859610438 14577 0.651798666 "Osmancik"
12075 430.4710083 176.1828156 88.51406097 0.864635944 12248 0.802325606 "Osmancik"
14291 481.2399902 196.5010071 93.87129211 0.878515363 14618 0.589198112 "Cammeo"
14115 483.7799988 206.8418732 88.06864929 0.904827833 14312 0.747656107 "Cammeo"
13388 466.4620056 191.9375 90.36680603 0.882232666 13644 0.753998637 "Osmancik"
14741 497.2250061 212.4633636 89.45372772 0.907046139 15036 0.553714991 "Cammeo"
12406 449.7139893 188.5073853 84.51765442 0.893857121 12602 0.79832691 "Osmancik"
13964 480.026001 199.8231354 90.06546783 0.892662406 14298 0.657748461 "Cammeo"
9669 388.6069946 151.4384613 83.59090424 0.833857775 10012 0.733889937 "Osmancik"
10560 400.1789856 168.2690582 80.58906555 0.877853215 10691 0.637373269 "Osmancik"
15290 501.0570068 209.3677521 94.17389679 0.893128633 15582 0.757831097 "Cammeo"
10594 401.243988 167.1878052 81.09770966 0.874475598 10738 0.787775159 "Osmancik"
11739 430.4920044 170.7973633 89.44210052 0.851918876 11963 0.582580626 "Osmancik"
13574 488.4970093 210.6863098 83.74446869 0.917609036 13856 0.551676512 "Cammeo"
12337 446.2200012 180.5418091 87.79290771 0.873806 12628 0.612927258 "Osmancik"
13047 486.368988 213.1944733 79.28887177 0.928269327 13621 0.615424514 "Cammeo"
11623 424.3590088 167.4039917 90.13301086 0.842679143 11990 0.760269463 "Osmancik"
11981 448.8269958 190.1289978 81.32439423 0.903905272 12154 0.562092423 "Cammeo"
13935 483.243988 196.7861023 91.71784973 0.884743154 14428 0.593231142 "Cammeo"
15055 508.276001 218.9765167 88.4911499 0.91470927 15361 0.686220884 "Cammeo"
11923 432.3340149 174.236618 88.13159943 0.862641633 12187 0.62450242 "Osmancik"
12003 433.5209961 178.5503845 86.43273163 0.875023544 12171 0.766475081 "Osmancik"
10975 420.5220032 169.9667511 83.40963745 0.871305525 11305 0.68679601 "Osmancik"
12546 442.0660095 184.2648315 87.30493164 0.880631745 12744 0.678896129 "Osmancik"
11316 418.5490112 170.6856995 85.69087982 0.864844978 11497 0.608387113 "Osmancik"
10669 403.6749878 164.5473785 83.43628693 0.861907542 10885 0.713836491 "Osmancik"
12414 453.3829956 188.5623016 85.32583618 0.891760647 12721 0.588173985 "Cammeo"
14517 495.6149902 211.8028259 88.03250122 0.909531891 14815 0.687520742 "Cammeo"
13787 476.8959961 201.3383179 88.16448212 0.899027467 14045 0.575994313 "Cammeo"
11128 441.4330139 184.4109802 79.25365448 0.902940094 11403 0.55810219 "Cammeo"
11867 431.9429932 178.5909119 85.77666473 0.877105951 12126 0.640351832 "Osmancik"
12375 451.0809937 185.7811584 86.23738098 0.885736704 12755 0.649742723 "Cammeo"
9961 392.1430054 159.5180206 80.50272369 0.863316834 10156 0.617736459 "Osmancik"
13501 485.756012 205.7710114 84.90839386 0.910896301 13896 0.658521116 "Cammeo"
13722 482.3429871 202.278183 87.75389099 0.900995851 14189 0.605667353 "Cammeo"
14828 494.256012 209.6626892 90.79800415 0.901361704 15038 0.570922554 "Cammeo"
14256 492.927002 209.8032074 87.69036865 0.90846318 14730 0.702266037 "Cammeo"
9885 385.6000061 157.2108917 81.19732666 0.856295228 10042 0.628417015 "Osmancik"
10877 424.5750122 175.6068878 80.03326416 0.890106559 11152 0.6159814 "Osmancik"
9236 394.3410034 160.928894 74.24967957 0.887201667 9465 0.577394366 "Osmancik"
11975 458.9020081 199.0426941 78.03676605 0.919939458 12288 0.799826324 "Cammeo"
13279 483.6579895 201.3382263 85.47550201 0.905410647 13691 0.576345503 "Cammeo"
12558 439.776001 173.4427643 93.39813995 0.842628419 12804 0.638888896 "Osmancik"
13901 478.848999 200.4419098 89.34198761 0.895169914 14232 0.568548083 "Cammeo"
14136 488.9679871 203.3906555 89.7869873 0.897285402 14475 0.592058957 "Cammeo"
11866 436.1289978 176.1208649 87.78805542 0.866916478 12210 0.616223514 "Osmancik"
10360 411.2399902 169.4011078 78.57222748 0.885927558 10538 0.784848511 "Osmancik"
11747 452.1270142 194.4948578 78.74446106 0.914375782 11935 0.542636752 "Cammeo"
14795 497.5159912 213.6031799 89.84618378 0.90723604 15002 0.803072274 "Cammeo"
11278 430.2630005 174.4451752 83.79233551 0.877084434 11637 0.736546516 "Osmancik"
14078 478.4700012 203.645462 88.56031036 0.90049088 14280 0.744395077 "Cammeo"
11316 429.6350098 177.2783051 82.78518677 0.884268582 11544 0.756417096 "Osmancik"
13839 481.5880127 201.3427887 88.88829803 0.897272348 14165 0.716935217 "Cammeo"
12649 459.9450073 190.4369659 85.74949646 0.892888606 12886 0.698184013 "Osmancik"
10854 415.2799988 170.1440277 82.00539398 0.876184225 11071 0.623721421 "Osmancik"
12625 445.928009 181.6507568 89.60035706 0.869884133 12905 0.651444793 "Osmancik"
13076 450.3450012 183.5969391 91.7095871 0.866304755 13253 0.677021861 "Osmancik"
13623 493.5679932 211.730484 82.92393494 0.920114875 14065 0.52655381 "Cammeo"
14675 493.9289856 199.2336273 95.68336487 0.877127767 15317 0.6168558 "Cammeo"
12605 445.6929932 183.2692566 88.23682404 0.876468062 12787 0.617589414 "Osmancik"
9369 396.7600098 164.617218 73.85871124 0.893697798 9592 0.652800977 "Osmancik"
12673 441.7139893 177.0299225 92.58748627 0.852329791 12950 0.621774137 "Osmancik"
10774 428.7999878 179.6996613 77.92175293 0.901094794 11033 0.716546953 "Osmancik"
11108 416.8340149 166.3365936 86.45924377 0.854297161 11420 0.680012226 "Osmancik"
11836 456.3789978 201.8695984 75.45857239 0.927509904 12084 0.753213704 "Cammeo"
14101 479.3160095 199.0871429 90.98012543 0.889473677 14383 0.619687974 "Cammeo"
14105 496.2279968 209.2754211 86.94194794 0.909619331 14567 0.603706539 "Cammeo"
13491 475.3450012 198.6623383 87.65083313 0.89740628 13812 0.698834479 "Cammeo"
12150 435.9039917 175.4832153 89.56684113 0.859936416 12460 0.710526288 "Osmancik"
13444 474.5929871 197.9504242 87.63919067 0.896653473 13881 0.656605601 "Cammeo"
11111 419.9299927 175.137146 81.11838531 0.886269093 11278 0.588319361 "Osmancik"
15042 502.2139893 212.0943756 91.29269409 0.902621925 15416 0.702109754 "Cammeo"
12927 453.0150146 184.3237915 89.86130524 0.8731125 13196 0.736917138 "Cammeo"
13693 474.7520142 198.1157532 89.03109741 0.893336058 14050 0.597634435 "Osmancik"
12471 445.3739929 184.9920654 86.85975647 0.882915258 12688 0.671784103 "Cammeo"
11831 428.7009888 167.4166412 92.25314331 0.834479332 12116 0.773267984 "Osmancik"
14250 486.1239929 201.2189331 91.93981934 0.889510691 14636 0.593675792 "Cammeo"
12239 432.2980042 168.4900818 94.25421906 0.828894377 12489 0.682599008 "Osmancik"
12835 481.5029907 212.5375366 77.45262146 0.931235254 13055 0.511946082 "Cammeo"
12016 443.2229919 189.2810669 81.12221527 0.903503478 12186 0.746567249 "Osmancik"
12676 437.9559937 178.2371063 91.69775391 0.857508004 12887 0.691242218 "Osmancik"
11553 432.4779968 177.9644012 84.06337738 0.881405354 11845 0.581546366 "Osmancik"
13584 478.0570068 203.8369446 85.42742157 0.90794152 13877 0.676325619 "Cammeo"
12024 432.4190063 172.9061737 89.9719696 0.853952229 12323 0.627230048 "Osmancik"
11545 429.0979919 176.9992981 84.10533905 0.87989223 11816 0.705857158 "Osmancik"
10570 419.9530029 181.806366 74.52000427 0.912136495 10781 0.585920155 "Osmancik"
14944 490.0440063 201.3465424 96.04631805 0.878892481 15305 0.610657096 "Cammeo"
9221 387.0939941 159.2245026 74.90332794 0.882439494 9418 0.768416643 "Osmancik"
15777 515.684021 218.6982422 93.20509338 0.904637814 16111 0.567191541 "Cammeo"
14424 497.769989 210.743103 88.51709747 0.907513142 14920 0.558204353 "Cammeo"
12744 467.9249878 200.6121674 81.70650482 0.913300693 13047 0.714509964 "Cammeo"
15223 514.9069824 220.3685608 89.43637848 0.913940132 15492 0.550281942 "Cammeo"
10746 423.9909973 177.9532471 78.12187958 0.898485959 10942 0.581493497 "Osmancik"
11681 431.2279968 183.7963867 81.16801453 0.897202611 11857 0.591143727 "Osmancik"
14640 501.3240051 210.2915955 90.3317337 0.903040886 15119 0.586538434 "Cammeo"
10360 404.32901 165.8590546 81.19802856 0.871969402 10556 0.676151931 "Osmancik"
12106 448.5 186.505127 83.69871521 0.893645108 12389 0.651385546 "Osmancik"
14843 510.1019897 220.0358582 86.50135803 0.919485509 15155 0.533153713 "Cammeo"
13079 436.0450134 174.8923187 95.94194794 0.836099863 13228 0.77257961 "Osmancik"
11049 412.8139954 169.6197357 83.3963623 0.870783508 11244 0.79238385 "Osmancik"
14476 489.2380066 203.8588409 91.66152954 0.893213689 14807 0.679847836 "Cammeo"
13064 469.8359985 199.5599823 84.36461639 0.906244874 13382 0.656416416 "Cammeo"
12387 445.6140137 175.6296539 91.31130219 0.854222119 12789 0.655119538 "Osmancik"
14682 505.0310059 219.886322 86.04150391 0.920263171 15155 0.552911043 "Cammeo"
11382 418.3359985 169.8829651 86.66008759 0.860105395 11575 0.620002151 "Osmancik"
11339 423.9700012 171.7066193 85.35773468 0.867685318 11531 0.67918539 "Osmancik"
12259 440.0299988 177.3145447 89.53556824 0.863146663 12533 0.724142015 "Osmancik"
11862 436.2999878 177.2002106 86.44499207 0.872934222 12146 0.761556268 "Osmancik"
10106 408.9419861 167.7952576 78.30336761 0.884436727 10424 0.781230688 "Osmancik"
12103 439.2179871 181.9851227 85.55490112 0.882602334 12339 0.599277079 "Osmancik"
11928 439.9190063 181.0348358 85.22491455 0.882258475 12218 0.590611994 "Osmancik"
10481 413.7219849 174.1646271 77.66029358 0.895081937 10648 0.806478918 "Osmancik"
12075 434.6600037 179.1971436 86.49069214 0.875809669 12229 0.603086591 "Osmancik"
12256 453.4649963 189.9711304 83.10529327 0.89923656 12565 0.583619058 "Cammeo"
13852 490.2789917 213.9856873 82.96648407 0.921777308 14158 0.728324294 "Cammeo"
11063 428.2390137 177.5392151 80.8637085 0.890251338 11362 0.606125355 "Osmancik"
11802 430.052002 175.2747498 86.66316986 0.86921072 12024 0.621255994 "Osmancik"
12004 449.0350037 186.6485291 83.41326904 0.894583821 12417 0.75811547 "Cammeo"
15534 521.9299927 221.5856628 90.5549469 0.912683189 16187 0.708344758 "Cammeo"
12432 446.4880066 183.4152832 87.73010254 0.878188848 12677 0.587301612 "Osmancik"
13920 480.1119995 195.6700745 92.54843903 0.881072044 14350 0.577114403 "Cammeo"
11816 446.1000061 187.143158 81.82019043 0.899361193 12069 0.746713877 "Osmancik"
9050 379.8989868 152.8709259 77.10934448 0.863465369 9387 0.674869478 "Osmancik"
14085 489.4549866 200.5265503 91.23562622 0.890501499 14670 0.627170742 "Cammeo"
10879 427.1359863 179.4507751 78.29277802 0.899805605 11110 0.735465109 "Osmancik"
11794 422.1019897 169.2856598 89.53070831 0.848700643 12026 0.76395905 "Osmancik"
15578 509.598999 216.9094849 92.61865234 0.904255331 15864 0.808826566 "Cammeo"
11084 435.144989 180.9138947 79.56829834 0.898089349 11451 0.607942104 "Osmancik"
11873 430.0440063 176.7291412 86.37124634 0.8724401 12086 0.604223907 "Osmancik"
11415 438.9299927 184.5671082 80.09941864 0.900919914 11745 0.791060269 "Osmancik"
13711 483.2149963 203.8807678 86.62690735 0.905244946 14097 0.561466038 "Cammeo"
10841 410.3320007 167.1149597 84.25271606 0.863610148 11079 0.73448509 "Osmancik"
11961 429.3670044 175.4431305 87.64792633 0.866267622 12149 0.611034513 "Osmancik"
14421 507.8049927 213.8856812 86.87624359 0.913792789 14881 0.650943398 "Cammeo"
11506 433.7049866 183.940979 80.15775299 0.900053322 11676 0.718227208 "Osmancik"
15320 511.9299927 218.6231537 91.16981506 0.908898175 15740 0.545642316 "Cammeo"
12419 439.1570129 175.8540649 90.91184998 0.856001556 12675 0.62381959 "Osmancik"
12478 439.2219849 176.3439484 91.28974915 0.85557431 12754 0.63582164 "Osmancik"
11993 427.5390015 168.4983673 91.95948029 0.837942243 12286 0.639285743 "Osmancik"
14592 494.4400024 212.6799774 88.28739166 0.90976733 14838 0.745631039 "Cammeo"
12598 445.1849976 178.979248 91.10215759 0.860760868 12923 0.631415427 "Osmancik"
14750 482.8250122 198.5033569 95.47468567 0.876735628 15046 0.605500817 "Cammeo"
14755 499.8179932 202.6122742 95.51608276 0.881907225 15123 0.600529075 "Cammeo"
12900 442.6860046 181.0802612 91.61207581 0.862580538 13112 0.7875458 "Osmancik"
14715 497.5570068 212.0353241 89.50563049 0.906537175 15094 0.794889808 "Cammeo"
14601 505.2489929 215.9343872 86.7587204 0.915735006 14991 0.668543935 "Cammeo"
12752 462.3599854 190.7341766 86.67176056 0.890792012 13112 0.628425002 "Cammeo"
11285 425.7550049 175.4243927 82.9513855 0.881136894 11525 0.750282586 "Osmancik"
14709 515.8499756 222.7228394 85.4315567 0.923508525 14941 0.524796605 "Cammeo"
14586 489.5440063 206.5986938 91.26046753 0.897148907 14897 0.795571089 "Cammeo"
15953 522.1859741 220.7552338 93.042099 0.906841516 16307 0.789361715 "Cammeo"
11963 448.4259949 191.0770569 80.81423187 0.906157434 12205 0.755908012 "Cammeo"
13930 495.2709961 213.5266418 84.43373108 0.918498337 14564 0.54963702 "Cammeo"
14189 483.9370117 203.377594 90.07769012 0.896566749 14538 0.713122606 "Cammeo"
11771 441.8599854 186.9977722 81.26961517 0.900622606 12109 0.619265556 "Cammeo"
12267 429.6940002 171.370636 92.45801544 0.841972291 12520 0.775901318 "Osmancik"
